City_ID,City,Country,Date,Lat,Lng,Max Temp,Humidity,Cloudiness,Wind Speed
0,Pacaembu,BR,2022-11-26 22:06:47,-21.5622,-51.2606,77.85,36,0,5.99
1,Castro,BR,2022-11-26 22:06:47,-24.7911,-50.0119,60.37,97,100,7.61
2,Rikitea,PF,2022-11-26 22:06:48,-23.1203,-134.9692,75.56,71,100,6.35
3,Port Alfred,ZA,2022-11-26 22:06:48,-33.5906,26.891,62.19,92,61,2.44
4,Doka,SD,2022-11-26 22:06:49,13.5167,35.7667,77.74,32,0,9.48
5,Qaanaaq,GL,2022-11-26 22:06:49,77.484,-69.3632,0.63,96,100,4.74
6,Vardo,NO,2022-11-26 22:06:50,70.3705,31.1107,31.98,80,100,21.85
7,Dongkan,CN,2022-11-26 22:06:50,33.9997,119.8308,54.07,90,66,13.29
8,Hilo,US,2022-11-26 22:06:31,19.7297,-155.09,79.25,70,0,5.75
9,Beloha,MG,2022-11-26 22:06:51,-25.1667,45.05,75.72,68,23,2.77
10,Kodiak,US,2022-11-26 22:06:51,57.79,-152.4072,33.31,55,20,12.66
11,Morgan City,US,2022-11-26 22:06:52,29.6994,-91.2068,70.02,88,100,18.41
12,Punta Arenas,CL,2022-11-26 22:02:34,-53.15,-70.9167,53.11,50,99,15.84
13,Busselton,AU,2022-11-26 22:04:07,-33.65,115.3333,52.39,84,0,9.4
14,Kapaa,US,2022-11-26 22:06:53,22.0752,-159.319,80.58,64,20,14.97
15,Bluff,NZ,2022-11-26 22:06:53,-46.6,168.3333,54.81,56,58,2.98
16,Mataura,NZ,2022-11-26 22:06:54,-46.1927,168.8643,54.48,47,61,2.71
17,Upernavik,GL,2022-11-26 22:06:54,72.7868,-56.1549,11.57,91,100,11.39
18,Mamallapuram,IN,2022-11-26 22:06:55,12.6264,80.1722,78.85,83,65,2.42
19,Kalengwa,ZM,2022-11-26 22:06:55,-13.4659,25.0027,64.11,98,100,1.1
20,Koungou,YT,2022-11-26 22:06:56,-12.7336,45.2042,76.71,78,0,4.61
21,Naze,JP,2022-11-26 22:06:56,28.3667,129.4833,65.73,69,100,10.98
22,Luderitz,NA,2022-11-26 22:06:56,-26.6481,15.1594,62.13,68,0,23.33
23,Pachino,IT,2022-11-26 22:06:57,36.7186,15.0907,58.48,79,97,6.11
24,Mareeba,AU,2022-11-26 22:06:57,-17.0,145.4333,76.48,92,100,1.86
25,Ushuaia,AR,2022-11-26 22:06:58,-54.8,-68.3,47.86,66,75,19.57
26,Meadow Lake,US,2022-11-26 22:06:58,34.8014,-106.5436,58.44,18,0,7.56
27,Mackay,AU,2022-11-26 22:02:15,-21.15,149.2,82.69,68,13,6.78
28,Vaini,TO,2022-11-26 22:06:58,-21.2,-175.2,75.36,100,75,5.75
29,Boone,US,2022-11-26 22:06:59,39.0334,-92.3335,56.25,52,100,6.02
30,Dunedin,NZ,2022-11-26 22:02:03,-45.8742,170.5036,53.8,66,17,4.0
31,Marabba,SD,2022-11-26 22:06:59,12.35,32.1833,79.03,27,0,13.94
32,Natchitoches,US,2022-11-26 22:07:00,31.7668,-93.1335,67.05,100,100,6.91
33,Puerto Ayora,EC,2022-11-26 22:07:00,-0.7393,-90.3518,76.96,89,97,5.01
34,Portland,US,2022-11-26 22:04:40,45.5234,-122.6762,49.57,87,75,5.01
35,Baykit,RU,2022-11-26 22:07:01,61.67,96.37,-32.51,99,75,0.96
36,Bredasdorp,ZA,2022-11-26 22:02:08,-34.5322,20.0403,57.25,74,21,5.39
37,Butaritari,KI,2022-11-26 22:07:01,3.0707,172.7902,80.92,73,50,6.33
38,Lodwar,KE,2022-11-26 22:07:02,3.1191,35.5973,82.78,47,73,17.4
39,Plouzane,FR,2022-11-26 22:07:02,48.3833,-4.6167,55.58,97,100,19.57
40,Sisimiut,GL,2022-11-26 22:07:03,66.9395,-53.6735,13.96,90,73,7.81
41,Ribeira Grande,PT,2022-11-26 22:07:03,38.5167,-28.7,58.77,67,0,5.99
42,Bima,ID,2022-11-26 22:07:04,-8.4667,118.7167,77.09,92,100,3.27
43,Eskisehir,TR,2022-11-26 22:07:04,39.7767,30.5206,39.11,87,75,3.44
44,Mendi,PG,2022-11-26 22:08:05,-6.1761,143.6513,59.79,86,98,1.03
45,Guiratinga,BR,2022-11-26 22:08:05,-16.3494,-53.7583,83.71,31,6,4.16
46,Edeia,BR,2022-11-26 22:08:05,-17.3383,-49.9314,83.75,32,35,3.8
47,Nong Kung Si,TH,2022-11-26 22:08:06,16.65,103.3,80.56,99,96,1.68
48,Nikolskoye,RU,2022-11-26 22:08:06,59.7035,30.7861,13.91,85,100,6.13
49,Itoman,JP,2022-11-26 22:08:07,26.1247,127.6694,69.82,73,75,9.22
50,Thompson,CA,2022-11-26 22:01:39,55.7435,-97.8558,24.96,86,100,6.91
51,Simoes,BR,2022-11-26 22:06:15,-7.5989,-40.8178,84.27,44,99,2.98
52,Trofors,NO,2022-11-26 22:08:07,65.5333,13.4063,33.67,91,87,5.1
53,Sola,VU,2022-11-26 22:02:14,-13.8833,167.55,82.08,72,98,10.22
54,Longyearbyen,SJ,2022-11-26 22:08:08,78.2186,15.6401,15.64,86,20,5.75
55,Ponta Do Sol,PT,2022-11-26 22:08:08,32.6667,-17.1,66.83,74,43,2.06
56,Fort Nelson,CA,2022-11-26 22:08:09,58.8053,-122.7002,14.95,86,100,3.0
57,Belle Fourche,US,2022-11-26 22:08:09,44.6714,-103.8522,38.34,66,100,11.63
58,Umm Kaddadah,SD,2022-11-26 22:08:09,13.6017,26.6876,64.45,23,5,12.15
59,Hirara,JP,2022-11-26 22:08:10,24.8,125.2833,73.67,83,40,8.05
60,Yellowknife,CA,2022-11-26 22:08:10,62.456,-114.3525,0.84,98,94,3.71
61,Cabo San Lucas,MX,2022-11-26 22:04:16,22.8909,-109.9124,83.61,57,0,9.22
62,Georgetown,MY,2022-11-26 22:03:27,5.4112,100.3354,78.73,94,20,2.3
63,Avarua,CK,2022-11-26 22:08:11,-21.2078,-159.775,78.85,65,75,18.41
64,Manga,BF,2022-11-26 22:08:12,11.6636,-1.0731,77.4,20,5,7.7
65,Codrington,AU,2022-11-26 22:08:12,-38.2667,141.9667,56.97,70,100,11.5
66,Taksimo,RU,2022-11-26 22:08:13,56.3444,114.8794,-13.81,91,97,1.97
67,Grindavik,IS,2022-11-26 22:08:13,63.8424,-22.4338,37.87,93,40,4.61
68,Peabiru,BR,2022-11-26 22:08:14,-23.9128,-52.3431,73.54,64,36,9.31
69,Waddan,LY,2022-11-26 22:08:14,29.1614,16.139,65.05,50,0,11.5
70,Severo-Kurilsk,RU,2022-11-26 22:08:15,50.6789,156.125,34.84,98,100,21.45
71,Albany,US,2022-11-26 22:06:35,42.6001,-73.9662,47.73,61,5,4.85
72,Lompoc,US,2022-11-26 22:05:10,34.6391,-120.4579,75.78,50,0,17.27
73,Waingapu,ID,2022-11-26 22:08:15,-9.6567,120.2641,77.63,84,100,2.46
74,Airai,TL,2022-11-26 22:08:16,-8.9266,125.4092,62.42,86,100,1.05
75,Puro,PH,2022-11-26 22:08:16,12.4841,123.3827,78.3,80,12,9.69
76,Akdepe,TM,2022-11-26 22:06:23,42.0551,59.3788,38.66,55,96,14.7
77,Podyuga,RU,2022-11-26 22:08:17,61.095,40.8647,6.12,97,16,3.04
78,Port Elizabeth,ZA,2022-11-26 22:03:22,-33.918,25.5701,63.32,91,2,4.0
79,Taoudenni,ML,2022-11-26 22:08:17,22.6783,-3.9836,75.24,20,83,10.29
80,Baripada,IN,2022-11-26 22:08:18,21.935,86.7214,61.52,43,0,5.57
81,Faanui,PF,2022-11-26 22:08:18,-16.4833,-151.75,79.21,71,14,11.52
82,Seoul,KR,2022-11-26 22:03:27,37.5683,126.9778,31.44,26,31,3.47
83,Emba,KZ,2022-11-26 22:06:35,48.8264,58.1442,18.19,65,74,17.16
84,Misratah,LY,2022-11-26 22:08:19,32.3754,15.0925,64.72,64,69,25.34
85,Pevek,RU,2022-11-26 22:08:20,69.7008,170.3133,-24.47,98,45,4.56
86,Touros,BR,2022-11-26 21:59:52,-5.1989,-35.4608,79.45,79,100,11.43
87,Atuona,PF,2022-11-26 22:08:20,-9.8,-139.0333,77.5,75,19,12.37
88,Road Town,VG,2022-11-26 22:09:21,18.4167,-64.6167,80.69,65,5,12.93
89,Nanortalik,GL,2022-11-26 22:09:21,60.1432,-45.2371,34.3,87,90,7.7
90,Tianpeng,CN,2022-11-26 22:09:22,30.9866,103.9393,60.73,86,31,2.89
91,Constitucion,CL,2022-11-26 22:09:22,-35.3333,-72.4167,65.71,63,13,5.14
92,Merauke,ID,2022-11-26 22:09:23,-8.4667,140.3333,79.16,80,100,5.53
93,Beidao,CN,2022-11-26 22:09:23,34.5686,105.8933,48.94,87,91,3.6
94,Saint-Philippe,RE,2022-11-26 22:09:24,-21.3585,55.7679,71.19,78,16,8.61
95,Chernoyerkovskaya,RU,2022-11-26 22:09:24,45.4331,37.7686,46.87,81,100,9.28
96,Cape Town,ZA,2022-11-26 22:09:20,-33.9258,18.4232,63.27,65,0,11.01
97,Ambon,ID,2022-11-26 22:09:25,-3.6954,128.1814,77.23,15,40,4.61
98,Yairipok,IN,2022-11-26 22:08:11,24.6667,94.0667,51.6,80,0,1.32
99,Carlsbad,US,2022-11-26 22:08:25,33.1581,-117.3506,76.37,57,0,8.05
100,Tuktoyaktuk,CA,2022-11-26 22:09:25,69.4541,-133.0374,-1.26,91,100,11.01
101,Hermanus,ZA,2022-11-26 22:09:26,-34.4187,19.2345,55.8,74,4,11.9
102,Havre-Saint-Pierre,CA,2022-11-26 22:09:26,50.2334,-63.5986,32.36,100,100,5.75
103,Mahebourg,MU,2022-11-26 22:09:26,-20.4081,57.7,72.25,67,9,10.65
104,Santa Ana,US,2022-11-26 22:08:05,33.7456,-117.8678,77.07,37,0,11.5
105,Itamaraca,BR,2022-11-26 22:09:27,-7.7478,-34.8256,80.65,79,43,9.35
106,High Rock,BS,2022-11-26 22:09:28,26.6208,-78.2833,78.82,77,84,8.97
107,Husavik,IS,2022-11-26 22:09:28,66.0449,-17.3389,39.81,98,100,4.85
108,Chokurdakh,RU,2022-11-26 22:09:28,70.6333,147.9167,-31.59,98,100,4.88
109,Carnarvon,AU,2022-11-26 22:09:29,-24.8667,113.6333,67.17,75,0,20.18
110,Jamestown,US,2022-11-26 22:09:29,42.097,-79.2353,47.84,42,0,12.66
111,Imeni Poliny Osipenko,RU,2022-11-26 22:09:30,52.4201,136.4853,-3.19,96,94,4.12
112,Acapulco,MX,2022-11-26 22:07:07,16.8634,-99.8901,84.02,74,75,9.22
113,Axim,GH,2022-11-26 22:09:30,4.8699,-2.2405,78.6,83,39,7.54
114,Kahului,US,2022-11-26 22:09:31,20.8947,-156.47,78.82,74,20,14.97
115,Vinkovci,HR,2022-11-26 22:09:31,45.2883,18.8047,42.26,100,100,4.61
116,Tasiilaq,GL,2022-11-26 22:09:32,65.6145,-37.6368,32.16,62,100,5.55
117,Datong,CN,2022-11-26 22:09:32,40.0936,113.2914,28.44,51,86,4.85
118,Champerico,GT,2022-11-26 22:09:33,14.3,-91.9167,84.74,69,57,6.24
119,Khatanga,RU,2022-11-26 22:09:33,71.9667,102.5,-4.92,98,100,16.4
120,Kitami,JP,2022-11-26 22:05:46,43.8031,143.8908,33.26,69,28,11.01
121,Bambous Virieux,MU,2022-11-26 22:09:34,-20.3428,57.7575,72.21,67,14,10.78
122,Lebu,CL,2022-11-26 22:09:34,-37.6167,-73.65,60.96,73,0,16.84
123,Kaitangata,NZ,2022-11-26 22:09:35,-46.2817,169.8464,55.06,47,8,2.62
124,Nyzhnya Duvanka,UA,2022-11-26 22:09:35,49.5846,38.1743,36.77,93,99,10.07
125,Sawtell,AU,2022-11-26 22:09:35,-30.3833,153.1,73.18,68,40,14.97
126,Jumla,NP,2022-11-26 22:09:36,29.2747,82.1838,43.05,45,47,4.81
127,Prince Rupert,CA,2022-11-26 22:05:11,54.3161,-130.3201,39.29,87,75,9.22
128,Joshimath,IN,2022-11-26 22:09:36,30.5667,79.5667,51.62,25,41,7.52
129,Dikson,RU,2022-11-26 22:09:37,73.5069,80.5464,11.43,98,96,7.92
130,Bilma,NE,2022-11-26 22:09:37,18.6853,12.9164,68.31,23,0,5.46
131,Cherskiy,RU,2022-11-26 22:09:37,68.75,161.3,-32.66,100,91,5.46
132,Bathsheba,BB,2022-11-26 22:10:38,13.2167,-59.5167,81.21,83,40,18.41
133,Iguatemi,BR,2022-11-26 22:10:38,-23.6803,-54.5611,75.92,63,22,5.19
134,Vila Velha,BR,2022-11-26 22:10:39,-20.3297,-40.2925,75.94,86,0,6.91
135,Cascais,PT,2022-11-26 22:10:39,38.6979,-9.4215,58.51,75,45,5.01
136,Mount Isa,AU,2022-11-26 22:10:40,-20.7333,139.5,85.77,48,40,4.61
137,Port Hardy,CA,2022-11-26 22:10:40,50.6996,-127.4199,48.9,90,100,16.67
138,Sao Joao Da Barra,BR,2022-11-26 22:10:40,-21.6403,-41.0511,75.29,91,100,19.8
139,Inhambane,MZ,2022-11-26 22:10:41,-23.865,35.3833,74.97,88,100,4.18
140,Nome,US,2022-11-26 22:10:41,64.5011,-165.4064,14.16,73,0,11.5
141,Te Anau,NZ,2022-11-26 22:10:42,-45.4167,167.7167,51.8,55,58,0.89
142,Nhulunbuy,AU,2022-11-26 22:10:42,-12.2333,136.7667,84.81,79,100,5.75
143,Namibe,AO,2022-11-26 22:02:03,-15.1961,12.1522,71.85,82,78,4.63
144,Hofn,IS,2022-11-26 22:10:42,64.2539,-15.2082,43.38,84,100,16.24
145,New Norfolk,AU,2022-11-26 22:02:17,-42.7826,147.0587,60.3,54,58,8.01
146,Hobart,AU,2022-11-26 22:10:43,-42.8794,147.3294,60.66,55,40,12.66
147,Hervey Bay,AU,2022-11-26 22:10:43,-25.2986,152.8535,77.0,72,44,13.11
148,Colac,AU,2022-11-26 22:10:44,-38.3333,143.5833,55.17,92,100,7.83
149,Boda,CF,2022-11-26 22:10:44,4.3189,17.4695,75.88,69,65,3.67
150,Arraial Do Cabo,BR,2022-11-26 22:10:44,-22.9661,-42.0278,73.2,89,89,10.31
151,Caravelas,BR,2022-11-26 22:10:45,-17.7125,-39.2481,74.08,95,100,7.94
152,Kavieng,PG,2022-11-26 22:10:46,-2.5744,150.7967,83.55,61,78,5.93
153,Garowe,SO,2022-11-26 22:10:46,8.4054,48.4845,72.25,78,3,10.76
154,Geraldton,AU,2022-11-26 22:10:47,-28.7667,114.6,57.61,88,2,8.05
155,Wanaka,NZ,2022-11-26 22:10:47,-44.7,169.15,46.13,83,98,3.83
156,Zabid,YE,2022-11-26 22:10:47,14.1951,43.3152,78.66,66,53,5.53
157,Berlevag,NO,2022-11-26 22:10:48,70.8578,29.0864,31.95,74,88,16.11
158,Awjilah,LY,2022-11-26 22:10:48,29.1081,21.2869,64.45,55,100,9.78
159,Aripuana,BR,2022-11-26 22:10:49,-9.1667,-60.6333,79.63,75,96,0.94
160,Itupiranga,BR,2022-11-26 22:10:49,-5.1347,-49.3267,77.32,96,87,3.94
161,Sao Miguel,BR,2022-11-26 22:10:49,-5.4667,-35.3667,81.37,80,96,11.65
162,Talara,PE,2022-11-26 22:10:50,-4.5772,-81.2719,74.16,64,0,10.36
163,Bandar,ID,2022-11-26 22:10:50,2.05,99.75,71.11,91,72,2.66
164,Hithadhoo,MV,2022-11-26 22:10:50,-0.6,73.0833,81.03,77,98,10.98
165,Bailen,ES,2022-11-26 22:10:51,38.0964,-3.7779,58.14,30,23,3.36
166,Coos Bay,US,2022-11-26 22:10:51,43.3665,-124.2179,52.23,62,0,8.05
167,Fortuna,US,2022-11-26 22:10:52,40.5982,-124.1573,57.92,74,100,9.22
168,Barrow,US,2022-11-26 22:10:52,71.2906,-156.7887,3.22,78,100,9.22
169,Conde,BR,2022-11-26 22:07:29,-7.2597,-34.9075,78.26,83,0,6.91
170,Itacoatiara,BR,2022-11-26 22:10:53,-3.1431,-58.4442,82.26,68,81,3.6
171,Badou,TG,2022-11-26 22:10:53,7.5833,0.6,74.68,51,67,2.91
172,Broome,US,2022-11-26 22:10:53,42.2506,-75.833,48.58,60,0,9.22
173,Faya,SA,2022-11-26 22:10:54,18.3851,42.4509,55.92,60,97,3.69
174,Cidreira,BR,2022-11-26 22:10:54,-30.1811,-50.2056,71.1,88,1,14.5
175,Coolum Beach,AU,2022-11-26 22:00:38,-26.5333,153.1,79.11,81,48,6.17
176,Presidencia Roque Saenz Pena,AR,2022-11-26 22:10:55,-26.7852,-60.4388,93.76,13,1,9.53
177,Flinders,AU,2022-11-26 22:11:55,-34.5833,150.8552,71.91,55,99,8.05
178,Khlung,TH,2022-11-26 22:11:56,12.4547,102.2214,81.0,100,41,2.73
179,Black River,JM,2022-11-26 22:11:56,18.0264,-77.8487,81.75,77,22,4.05
180,Puerto Del Rosario,ES,2022-11-26 22:02:00,28.5004,-13.8627,69.55,73,20,6.91
181,Buala,SB,2022-11-26 22:11:57,-8.145,159.5921,83.03,74,100,6.46
182,Samana,DO,2022-11-26 22:11:57,19.2056,-69.3369,80.56,85,12,6.87
183,Mugumu,TZ,2022-11-26 22:11:58,-1.85,34.7,61.05,65,92,3.87
184,Kapuskasing,CA,2022-11-26 22:11:58,49.4169,-82.4331,36.0,96,100,5.75
185,Yerbogachen,RU,2022-11-26 22:11:58,61.2767,108.0108,-14.37,97,100,5.73
186,Mahibadhoo,MV,2022-11-26 22:11:59,3.7833,72.9667,80.47,71,100,5.79
187,Torbay,CA,2022-11-26 22:11:59,47.6666,-52.7314,40.75,90,100,11.99
188,Rapid Valley,US,2022-11-26 22:12:00,44.0625,-103.1463,41.2,69,100,24.16
189,Shrigonda,IN,2022-11-26 22:12:00,18.6167,74.6833,75.63,50,87,4.47
190,Lavrentiya,RU,2022-11-26 22:12:01,65.5833,-171.0,7.38,81,22,7.34
191,Namatanai,PG,2022-11-26 22:12:01,-3.6667,152.4333,83.75,69,98,4.47
192,Linjiang,CN,2022-11-26 22:12:01,41.8069,126.9078,21.22,65,90,2.55
193,San Ignacio,BZ,2022-11-26 22:12:02,17.1561,-89.0714,86.14,74,20,0.0
194,Albania,AL,2022-11-26 22:12:02,41.0,20.0,49.93,58,100,7.07
195,Bafoulabe,ML,2022-11-26 22:12:03,13.8065,-10.8321,80.35,15,100,5.44
196,Verkhnevilyuysk,RU,2022-11-26 22:12:03,63.4453,120.3167,-43.49,100,80,0.72
197,Kangaatsiaq,GL,2022-11-26 22:12:03,68.3065,-53.4641,23.4,85,100,12.88
198,Victoria,HK,2022-11-26 22:08:34,22.2855,114.1577,73.45,89,96,13.0
199,Mehran,IR,2022-11-26 22:12:04,33.1222,46.1646,66.18,47,1,4.83
200,Ancud,CL,2022-11-26 22:12:05,-41.8697,-73.8203,62.13,61,100,2.46
201,Ayagoz,KZ,2022-11-26 22:12:05,47.9714,80.4392,-27.87,99,89,8.99
202,Sur,OM,2022-11-26 22:12:06,22.5667,59.5289,75.52,69,0,3.6
203,Mumford,GH,2022-11-26 22:12:06,5.2618,-0.759,79.72,82,27,9.46
204,Lata,PT,2022-11-26 22:12:07,40.1629,-8.3327,46.92,69,99,3.38
205,Saint-Louis,SN,2022-11-26 22:12:07,16.3333,-15.0,82.9,10,100,10.69
206,Nadym,RU,2022-11-26 22:12:07,65.5333,72.5167,4.01,92,99,9.17
207,Gazanjyk,TM,2022-11-26 22:10:19,39.2446,55.5154,52.59,45,49,11.9
208,Sorland,NO,2022-11-26 22:12:08,67.667,12.6934,42.66,89,91,26.31
209,Pangnirtung,CA,2022-11-26 22:12:08,66.1451,-65.7125,-0.04,76,100,4.09
210,Tombouctou,ML,2022-11-26 22:12:09,20.0,-3.0,75.51,17,100,6.33
211,Aksu,CN,2022-11-26 22:10:10,41.1231,80.2644,41.41,23,30,9.26
212,Chuy,UY,2022-11-26 22:11:04,-33.6971,-53.4616,68.67,89,1,11.03
213,Asau,RO,2022-11-26 22:12:09,46.4333,26.4,38.32,89,66,4.65
214,Matamoros,MX,2022-11-26 22:08:12,25.5333,-103.25,62.71,32,0,2.3
215,High Level,CA,2022-11-26 22:12:10,58.5169,-117.136,22.71,81,75,8.43
216,Walvis Bay,NA,2022-11-26 22:12:10,-22.9575,14.5053,57.87,89,0,11.43
217,Nangal,IN,2022-11-26 22:12:11,31.3667,76.3833,56.17,56,9,3.36
218,Boa Vista,BR,2022-11-26 22:12:11,2.8197,-60.6733,82.38,74,20,3.44
219,Saint-Georges,GD,2022-11-26 22:09:50,12.0564,-61.7485,80.28,83,20,10.36
220,Bilibino,RU,2022-11-26 22:12:12,68.0546,166.4372,-28.01,100,37,2.84
221,Namikupa,TZ,2022-11-26 22:12:12,-10.8333,39.6,68.2,99,15,3.02
222,Ngunguru,NZ,2022-11-26 22:12:12,-35.6167,174.5,58.51,91,100,14.2
223,Manjacaze,MZ,2022-11-26 22:12:13,-24.7117,33.8828,71.85,93,95,2.08
224,Tautira,PF,2022-11-26 22:12:13,-17.7333,-149.15,76.6,78,38,11.14
225,Tyup,KG,2022-11-26 22:13:14,42.7276,78.3648,25.03,61,39,7.0
226,Salta,AR,2022-11-26 22:13:14,-24.7859,-65.4117,89.58,20,4,1.99
227,Xuanhua,CN,2022-11-26 22:13:15,40.6103,115.0447,25.97,37,100,4.18
228,Kainantu,PG,2022-11-26 22:13:15,-6.2887,145.8655,64.44,87,100,1.97
229,Fare,PF,2022-11-26 22:13:15,-16.7,-151.0167,79.14,71,9,11.56
230,Stranda,NO,2022-11-26 22:13:16,62.3096,6.9358,52.14,73,67,8.25
231,Rawson,AR,2022-11-26 22:13:16,-43.3002,-65.1023,61.43,61,4,15.39
232,Norman Wells,CA,2022-11-26 22:13:17,65.282,-126.8329,9.5,94,100,9.35
233,La Ronge,CA,2022-11-26 22:13:17,55.1001,-105.2842,23.65,91,94,2.62
234,Andenes,NO,2022-11-26 22:13:17,69.3143,16.1194,33.78,75,75,11.5
235,Cayenne,GF,2022-11-26 22:13:18,4.9333,-52.3333,77.04,94,0,2.3
236,Aklavik,CA,2022-11-26 22:13:19,68.2191,-135.0107,4.46,95,100,12.39
237,Canmore,CA,2022-11-26 22:13:19,51.0834,-115.3521,27.1,85,80,8.41
238,Nayoro,JP,2022-11-26 22:13:20,44.3506,142.4578,31.5,90,89,7.63
239,Vila Franca Do Campo,PT,2022-11-26 22:13:20,37.7167,-25.4333,59.41,73,100,5.21
240,Verkhnyaya Inta,RU,2022-11-26 22:13:20,65.9811,60.3094,-5.96,96,73,8.37
241,Yumen,CN,2022-11-26 22:13:21,40.2833,97.2,31.48,41,100,8.97
242,Ahipara,NZ,2022-11-26 22:13:21,-35.1667,173.1667,60.75,92,100,9.78
243,Vorukh,TJ,2022-11-26 22:13:22,39.8494,70.5838,39.38,60,29,8.23
244,Los Llanos De Aridane,ES,2022-11-26 22:13:22,28.6585,-17.9182,64.15,55,40,8.05
245,Margate,GB,2022-11-26 22:13:23,51.3813,1.3862,52.9,86,100,11.99
246,Saint George,US,2022-11-26 22:11:50,37.1041,-113.5841,50.59,27,20,0.0
247,Domoni,KM,2022-11-26 22:13:23,-12.2569,44.5319,77.32,80,10,6.22
248,Atar,MR,2022-11-26 22:13:24,20.5169,-13.0499,74.37,19,44,7.45
249,Nowy Sacz,PL,2022-11-26 22:13:24,49.6218,20.6971,41.11,97,100,4.09
250,Boyolangu,ID,2022-11-26 22:13:25,-8.1181,111.8935,73.74,97,100,4.56
251,Grand Gaube,MU,2022-11-26 22:13:25,-20.0064,57.6608,72.37,76,20,7.0
252,Narsaq,GL,2022-11-26 22:13:25,60.9167,-46.05,37.62,79,94,5.37
253,Saskylakh,RU,2022-11-26 22:13:26,71.9167,114.0833,-8.37,90,100,10.98
254,Bajil,YE,2022-11-26 22:13:26,15.0584,43.2851,79.25,67,43,3.91
255,Kazerun,IR,2022-11-26 22:13:27,29.6195,51.6541,63.07,46,0,2.66
256,Viedma,AR,2022-11-26 22:13:27,-40.8135,-62.9967,73.17,49,22,17.07
257,Port Hedland,AU,2022-11-26 22:13:27,-20.3167,118.5667,77.05,88,24,8.05
258,Moranbah,AU,2022-11-26 22:13:28,-22.0016,148.0466,79.56,55,25,10.69
259,Ranchi,IN,2022-11-26 22:08:51,23.35,85.3333,55.76,54,2,4.52
260,Arlit,NE,2022-11-26 22:13:28,18.7369,7.3853,73.11,19,100,7.18
261,Lagoa,PT,2022-11-26 22:13:29,39.05,-27.9833,60.51,57,14,8.05
262,Turukhansk,RU,2022-11-26 22:13:29,65.8167,87.9833,-18.76,99,100,5.82
263,Horadiz,AZ,2022-11-26 22:13:29,39.4488,47.3353,51.48,83,74,2.01
264,Xiaoweizhai,CN,2022-11-26 22:13:30,26.1903,107.5125,63.88,98,100,5.48
265,Magadan,RU,2022-11-26 22:11:38,59.5667,150.8,10.26,91,100,16.49
266,Manali,IN,2022-11-26 22:13:30,13.1667,80.2667,78.89,84,50,0.94
267,East London,ZA,2022-11-26 22:13:31,-33.0153,27.9116,63.07,91,100,2.28
268,Senador Jose Porfirio,BR,2022-11-26 22:13:31,-2.5908,-51.9542,81.86,68,89,1.63
269,Tchollire,CM,2022-11-26 22:13:32,8.4022,14.1698,72.27,27,47,1.88
270,Rio Gallegos,AR,2022-11-26 22:11:04,-51.6226,-69.2181,66.25,22,20,20.71
271,Svobodnyy,RU,2022-11-26 22:14:32,51.4,128.1333,-9.63,93,76,5.08
272,George Town,MY,2022-11-26 22:11:34,5.4112,100.3354,78.73,94,20,2.3
273,Laguna De Perlas,NI,2022-11-26 22:14:33,12.3429,-83.6712,79.93,85,100,4.9
274,Tiznit,MA,2022-11-26 22:14:33,29.5833,-9.5,66.43,25,0,2.51
275,Sibolga,ID,2022-11-26 22:14:34,1.7427,98.7792,74.84,85,51,3.06
276,Chiredzi,ZW,2022-11-26 22:13:07,-21.05,31.6667,70.25,92,100,3.22
277,Shieli,KZ,2022-11-26 22:14:34,44.1667,66.75,30.96,55,15,20.27
278,Moron,AR,2022-11-26 22:14:35,-34.6534,-58.6198,90.95,61,6,10.71
279,Tuatapere,NZ,2022-11-26 22:14:35,-46.1333,167.6833,51.71,55,81,2.06
280,Richards Bay,ZA,2022-11-26 22:14:36,-28.783,32.0377,69.75,91,100,1.61
281,Progreso,MX,2022-11-26 22:14:36,21.2833,-89.6667,89.71,61,42,10.2
282,Ntcheu,MW,2022-11-26 22:14:36,-14.8203,34.6359,69.51,49,9,2.95
283,Kabalo,CD,2022-11-26 22:14:37,-6.05,26.9167,68.79,99,100,3.6
284,Laguna,US,2022-11-26 22:14:37,38.421,-121.4238,70.09,36,0,10.36
285,Hasaki,JP,2022-11-26 22:14:38,35.7333,140.8333,47.21,65,0,15.55
286,Burns Lake,CA,2022-11-26 22:14:38,54.2331,-125.7533,35.82,95,89,12.37
287,Katobu,ID,2022-11-26 22:14:38,-4.9408,122.5276,75.63,91,100,1.99
288,Kamariotissa,GR,2022-11-26 22:14:39,40.4833,25.4667,53.15,64,64,23.15
289,Kamsack,CA,2022-11-26 22:14:39,51.5667,-101.9009,25.59,91,15,11.14
290,Tabou,CI,2022-11-26 22:14:40,4.423,-7.3528,78.31,84,5,6.08
291,Padang,ID,2022-11-26 22:14:40,-0.9492,100.3543,73.45,84,95,3.15
292,Kulhudhuffushi,MV,2022-11-26 22:14:40,6.6221,73.07,79.93,69,100,5.08
293,Balangiga,PH,2022-11-26 22:14:41,11.1097,125.3875,78.42,80,63,8.32
294,Springbok,ZA,2022-11-26 22:14:41,-29.6643,17.8865,59.7,41,0,6.93
295,Nuqui,CO,2022-11-26 22:14:42,5.7125,-77.2708,78.3,84,100,7.2
296,Ingham,US,2022-11-26 22:14:42,42.6,-84.3833,52.02,46,0,3.44
297,Belyy Yar,RU,2022-11-26 22:14:42,53.6039,91.3903,-10.14,75,40,0.0
298,Iqaluit,CA,2022-11-26 22:14:43,63.7506,-68.5145,9.7,66,100,11.99
299,Leningradskiy,RU,2022-11-26 22:14:43,69.3833,178.4167,-10.37,93,98,2.59
300,Aras,ES,2022-11-26 22:14:44,42.5617,-2.356,34.23,100,0,1.14
301,Makakilo City,US,2022-11-26 22:14:44,21.3469,-158.0858,79.12,56,40,13.8
302,Bon Air,US,2022-11-26 22:12:21,37.5249,-77.5578,56.89,53,0,4.61
303,Calama,CL,2022-11-26 22:14:07,-22.4667,-68.9333,73.89,14,0,24.16
304,Poum,NC,2022-11-26 22:14:45,-20.2333,164.0167,78.08,65,18,7.56
305,Cooma,AU,2022-11-26 22:14:45,-36.2333,149.1333,66.25,48,100,6.69
306,Tura,IN,2022-11-26 22:14:46,25.5198,90.2201,59.9,78,0,3.22
307,Port Augusta,AU,2022-11-26 22:14:46,-32.5,137.7667,66.69,57,9,16.02
308,Glodeni,MD,2022-11-26 22:14:46,47.7708,27.5144,37.78,90,100,6.49
309,Nenjiang,CN,2022-11-26 22:14:47,49.1833,125.2167,0.68,96,99,1.86
310,Zlobin,HR,2022-11-26 22:14:47,45.2924,14.6541,42.78,73,63,13.82
311,Placetas,CU,2022-11-26 22:14:48,22.3119,-79.6533,79.43,78,25,10.83
312,Kutum,SD,2022-11-26 22:14:48,14.2,24.6667,59.49,23,0,7.34
313,Palu,ID,2022-11-26 22:14:48,-0.8917,119.8707,74.05,92,97,2.75
314,Venado Tuerto,AR,2022-11-26 22:14:49,-33.7456,-61.9688,95.77,16,72,10.92
315,Inta,RU,2022-11-26 22:14:49,66.0317,60.1659,-5.66,95,78,9.91
316,Esperance,AU,2022-11-26 22:15:50,-33.8667,121.9,59.63,65,97,9.84
317,Ilulissat,GL,2022-11-26 22:15:50,69.2167,-51.1,21.22,79,100,4.61
318,Kampong Thum,KH,2022-11-26 22:15:50,12.7111,104.8887,73.47,95,100,3.22
319,Manokwari,ID,2022-11-26 22:15:51,-0.8667,134.0833,78.93,76,100,3.13
320,Benghazi,LY,2022-11-26 22:15:51,32.1167,20.0667,64.49,61,18,19.22
321,Lermontovka,RU,2022-11-26 22:12:16,47.1453,134.3383,10.11,88,92,3.98
322,Urengoy,RU,2022-11-26 22:15:52,65.9667,78.3667,-6.72,98,96,7.63
323,Bouar,CF,2022-11-26 22:15:52,5.934,15.596,68.67,38,40,4.68
324,Lakes Entrance,AU,2022-11-26 22:15:52,-37.8811,147.981,60.78,80,43,6.62
325,Hamilton,US,2022-11-26 22:14:28,39.1834,-84.5333,54.77,53,0,8.05
326,Half Moon Bay,US,2022-11-26 22:15:53,37.4636,-122.4286,69.42,49,0,13.8
327,Saint-Augustin,CA,2022-11-26 22:15:53,51.226,-58.6502,33.24,96,100,11.23
328,Hobyo,SO,2022-11-26 22:15:54,5.3505,48.5268,79.34,74,56,11.01
329,Catamarca,AR,2022-11-26 22:15:54,-28.4696,-65.7852,94.77,20,1,8.01
330,Tisul,RU,2022-11-26 22:15:54,55.7611,88.3122,-13.13,82,100,11.45
331,Moyo,UG,2022-11-26 22:15:55,3.6609,31.7247,70.97,72,99,2.95
332,Pokhara,NP,2022-11-26 22:13:01,28.2333,83.9833,58.24,53,4,4.74
333,Dalbandin,PK,2022-11-26 22:15:55,28.8947,64.4101,57.99,14,83,6.46
334,Teya,RU,2022-11-26 22:15:56,60.3778,92.6267,-22.83,98,97,1.88
335,Hays,US,2022-11-26 22:15:56,30.0502,-98.0336,59.83,59,17,11.99
336,Panguna,PG,2022-11-26 22:15:57,-6.3164,155.4848,74.62,85,95,2.39
337,Sitka,US,2022-11-26 22:15:57,57.0531,-135.33,35.49,87,100,5.75
338,Phalaborwa,ZA,2022-11-26 22:15:57,-23.943,31.1411,72.68,93,100,6.38
339,Abu Dhabi,AE,2022-11-26 22:14:36,24.4667,54.3667,77.97,64,0,2.3
340,Pemba,MZ,2022-11-26 22:15:58,-12.974,40.5178,77.52,78,0,6.38
341,Umm Lajj,SA,2022-11-26 22:15:58,25.0213,37.2685,72.99,60,0,12.77
342,Lop Buri,TH,2022-11-26 22:15:59,14.7981,100.654,76.91,96,100,2.35
343,Provideniya,RU,2022-11-26 22:15:59,64.3833,-173.3,8.94,73,1,5.61
344,Zyryanka,RU,2022-11-26 22:12:18,65.75,150.85,-38.52,99,68,5.01
345,Saldanha,ZA,2022-11-26 22:16:00,-33.0117,17.9442,57.25,74,0,24.94
346,Eregli,TR,2022-11-26 22:16:00,37.5133,34.0467,38.77,76,31,0.4
347,Maardu,EE,2022-11-26 22:16:01,59.4767,25.025,25.61,85,100,6.91
348,Vao,NC,2022-11-26 22:16:01,-22.6667,167.4833,73.74,63,1,8.3
349,Adrar,MR,2022-11-26 22:16:02,20.5022,-10.0711,71.74,13,100,8.86
350,Betafo,MG,2022-11-26 22:16:02,-19.8333,46.85,59.86,85,2,3.47
351,Les Cayes,HT,2022-11-26 22:16:03,18.2,-73.75,81.16,74,42,5.57
352,Odweyne,SO,2022-11-26 22:16:03,9.4092,45.064,67.5,34,5,10.92
353,Semey,KZ,2022-11-26 22:16:03,50.4111,80.2275,-17.07,97,85,3.56
354,Talnakh,RU,2022-11-26 22:16:04,69.4865,88.3972,-7.8,99,100,11.18
355,Sao Felix Do Xingu,BR,2022-11-26 22:12:34,-6.6447,-51.995,72.36,99,100,2.24
356,Cockburn Town,TC,2022-11-26 22:16:04,21.4612,-71.1419,80.51,70,2,13.69
357,Tarko-Sale,RU,2022-11-26 22:16:05,64.9225,77.785,-10.41,99,84,8.66
358,Port Blair,IN,2022-11-26 22:16:05,11.6667,92.75,77.04,88,40,0.0
359,Ho Chi Minh City,VN,2022-11-26 22:14:28,10.75,106.6667,78.82,94,40,6.91
360,Tuskegee,US,2022-11-26 22:16:06,32.424,-85.6916,61.09,100,100,4.0
361,Beni,CD,2022-11-26 22:16:06,0.5,29.4667,62.8,99,100,2.24
362,Bethel,US,2022-11-26 22:16:07,41.3712,-73.414,51.76,52,0,3.44
363,Ulaangom,MN,2022-11-26 22:17:07,49.9811,92.0667,-8.9,65,79,11.1
364,Mar Del Plata,AR,2022-11-26 22:13:40,-38.0023,-57.5575,64.83,98,100,14.0
365,Sawai Madhopur,IN,2022-11-26 22:17:08,25.9833,76.3667,58.15,38,0,2.19
366,Ixtapa,MX,2022-11-26 22:17:08,20.7,-105.2,78.22,65,20,9.22
367,Mariental,NA,2022-11-26 22:17:08,-24.6333,17.9667,75.24,14,0,9.66
368,Rockland,US,2022-11-26 22:16:08,41.1668,-74.0496,54.23,52,1,5.1
369,Panama City,PA,2022-11-26 22:17:09,8.9936,-79.5197,84.15,76,40,6.91
370,Bengkulu,ID,2022-11-26 22:17:09,-3.8004,102.2655,74.7,90,100,4.12
371,Uyemskiy,RU,2022-11-26 22:17:10,64.4743,40.8524,3.25,85,0,2.24
372,Oistins,BB,2022-11-26 22:17:10,13.0667,-59.5333,80.69,83,40,18.41
373,Mazyr,BY,2022-11-26 22:17:11,52.0495,29.2456,28.2,97,100,6.11
374,Klamath Falls,US,2022-11-26 22:16:08,42.2249,-121.7817,47.97,57,0,3.44
375,Innisfail,AU,2022-11-26 22:17:11,-17.5333,146.0333,77.65,85,100,2.24
376,Polunochnoye,RU,2022-11-26 22:17:12,60.8697,60.4153,-10.26,99,12,1.59
377,Saint Anthony,US,2022-11-26 22:17:12,45.0205,-93.218,52.54,50,0,6.91
378,Chapada Dos Guimaraes,BR,2022-11-26 22:15:44,-15.4606,-55.7497,87.46,29,45,3.09
379,Atherton,GB,2022-11-26 22:17:13,53.5237,-2.4935,54.28,91,100,7.0
380,Puerto Narino,CO,2022-11-26 22:17:13,-3.7703,-70.3831,77.58,92,99,2.8
381,Brits,ZA,2022-11-26 22:14:35,-25.6347,27.7802,63.88,75,70,9.98
382,Derzhavinsk,KZ,2022-11-26 22:17:13,51.1,66.3167,-3.44,79,92,13.51
383,Pampa,US,2022-11-26 22:17:14,35.5362,-100.9599,41.95,100,100,8.05
384,Suslovo,RU,2022-11-26 22:17:14,56.2167,88.1167,-17.01,89,100,9.86
385,Karangasem,ID,2022-11-26 22:17:15,-8.45,115.6167,76.59,88,100,5.79
386,Katsuura,JP,2022-11-26 22:17:15,35.1333,140.3,57.45,80,2,15.35
387,Port Lincoln,AU,2022-11-26 22:17:16,-34.7333,135.8667,60.44,70,89,12.82
388,Nevel,RU,2022-11-26 22:17:16,56.0209,29.9284,29.8,98,100,6.82
389,Providencia,MX,2022-11-26 22:17:16,28.7167,-111.5833,79.41,27,0,7.36
390,Nantucket,US,2022-11-26 22:14:38,41.2835,-70.0995,48.34,57,0,5.75
391,Muros,ES,2022-11-26 22:17:17,42.7762,-9.0603,60.1,72,100,17.49
392,Saint-Joseph,RE,2022-11-26 22:17:17,-21.3667,55.6167,70.18,75,26,9.08
393,Gerardmer,FR,2022-11-26 22:17:18,48.0735,6.8779,31.84,84,65,4.32
394,Bambanglipuro,ID,2022-11-26 22:17:18,-7.95,110.2833,74.03,91,100,4.38
395,Baile Tusnad,RO,2022-11-26 22:17:19,46.15,25.85,29.52,85,79,2.55
396,Orlik,RU,2022-11-26 22:17:19,52.5178,99.825,-12.71,92,100,5.59
397,Talkha,EG,2022-11-26 22:17:19,31.0539,31.3779,58.44,62,100,2.35
398,Amahai,ID,2022-11-26 22:17:20,-3.3333,128.9167,78.62,82,57,5.21
399,Khani,GE,2022-11-26 22:17:20,41.9563,42.9566,44.17,98,100,2.35
400,Gari,RU,2022-11-26 22:17:21,59.4307,62.3497,-5.33,96,5,4.61
401,Rio Brilhante,BR,2022-11-26 22:17:21,-21.8019,-54.5464,83.01,37,0,12.5
402,Catia La Mar,VE,2022-11-26 22:17:22,10.6038,-67.0303,84.4,83,40,5.75
403,Sabang,ID,2022-11-26 22:17:22,5.8933,95.3214,80.4,76,38,10.74
404,Campanario,ES,2022-11-26 22:17:22,38.8644,-5.6174,51.03,39,99,4.14
405,Ajdabiya,LY,2022-11-26 22:17:23,30.7554,20.2263,62.01,61,49,12.19
406,Salalah,OM,2022-11-26 22:14:29,17.0151,54.0924,73.49,78,0,3.44
407,Bereda,ES,2022-11-26 22:17:23,43.2686,-7.5406,47.14,77,95,2.8
408,Thunder Bay,CA,2022-11-26 22:15:26,48.4001,-89.3168,37.8,91,100,7.56
409,Camiri,BO,2022-11-26 22:17:24,-20.05,-63.5167,94.78,14,0,4.61
410,Pisco,PE,2022-11-26 22:18:25,-13.7,-76.2167,71.65,73,0,17.27
411,Jian,CN,2022-11-26 22:18:25,27.1172,114.9793,63.54,93,97,2.48
412,Jieshi,CN,2022-11-26 22:18:25,22.8134,115.8257,70.16,87,100,17.6
413,Komsomolskiy,UZ,2022-11-26 22:18:26,40.4272,71.7189,39.92,93,100,2.3
414,Iralaya,HN,2022-11-26 22:18:26,15.0,-83.2333,80.02,85,100,11.72
415,Coahuayana,MX,2022-11-26 22:18:26,18.7333,-103.6833,85.06,60,51,5.35
416,Bousse,BF,2022-11-26 22:18:27,12.6606,-1.8922,74.71,16,15,8.25
417,Tilichiki,RU,2022-11-26 22:18:27,60.4667,166.1,0.95,95,99,9.62
418,Morro Bay,US,2022-11-26 22:18:17,35.3658,-120.8499,76.41,35,11,5.01
419,Souillac,MU,2022-11-26 22:18:28,-20.5167,57.5167,75.58,73,40,13.8
420,Tiksi,RU,2022-11-26 22:18:28,71.6872,128.8694,-20.04,96,100,8.79
421,Balkhash,KZ,2022-11-26 22:18:29,46.844,74.9804,4.55,72,1,19.82
422,Hualmay,PE,2022-11-26 22:18:29,-11.0964,-77.6139,70.29,75,36,10.18
423,Taveta,KE,2022-11-26 22:18:29,-3.3963,37.6736,68.05,90,57,3.87
424,Sao Geraldo Do Araguaia,BR,2022-11-26 22:18:30,-6.4006,-48.555,72.41,98,100,1.59
425,Phonhong,LA,2022-11-26 22:18:30,18.5007,102.4166,72.46,95,91,1.36
426,Havoysund,NO,2022-11-26 22:17:36,70.9963,24.6622,34.03,81,100,16.08
427,Roebourne,AU,2022-11-26 22:18:31,-20.7833,117.1333,82.58,30,7,10.85
428,Ardakan,IR,2022-11-26 22:18:31,32.31,54.0175,57.85,39,0,2.91
429,Tomohon,ID,2022-11-26 22:18:32,1.3346,124.8392,65.34,92,87,0.22
430,Kizhinga,RU,2022-11-26 22:18:32,51.8462,109.9097,0.36,97,98,1.79
431,Micomeseng,GQ,2022-11-26 22:18:32,2.1462,10.6164,68.47,99,100,2.33
432,Reconquista,AR,2022-11-26 22:18:33,-29.15,-59.65,91.76,18,37,12.62
433,Sao Gabriel Da Cachoeira,BR,2022-11-26 22:18:33,-0.1303,-67.0892,76.78,90,87,2.51
434,Northfield,US,2022-11-26 22:17:04,44.4583,-93.1616,52.61,56,0,5.75
435,Sokoni,TZ,2022-11-26 22:18:34,-6.4333,39.55,78.22,83,27,9.84
436,Sioux Lookout,CA,2022-11-26 22:18:34,50.1001,-91.917,35.67,75,75,6.91
437,Kieta,PG,2022-11-26 22:18:34,-6.2167,155.6333,81.46,80,83,7.29
438,Sinnamary,GF,2022-11-26 22:18:35,5.3833,-52.95,79.47,85,86,12.3
439,Antofagasta,CL,2022-11-26 22:18:35,-23.65,-70.4,65.48,76,40,6.51
440,Mizdah,LY,2022-11-26 22:18:36,31.4451,12.9801,53.28,64,3,19.42
441,Ca Mau,VN,2022-11-26 22:18:36,9.1769,105.15,74.34,94,43,3.04
442,Price,US,2022-11-26 22:13:54,39.5994,-110.8107,40.26,38,40,0.0
443,Zhezkazgan,KZ,2022-11-26 22:18:37,47.8043,67.7144,5.45,57,35,17.18
444,Wairoa,NZ,2022-11-26 22:18:37,-39.0333,177.3667,71.55,58,50,3.0
445,Birjand,IR,2022-11-26 22:18:38,32.8663,59.2211,41.47,36,0,6.91
446,Swan River,CA,2022-11-26 22:18:38,52.1058,-101.2676,33.69,64,35,13.8
447,Mananjary,MG,2022-11-26 22:18:38,-21.2167,48.3333,70.05,87,20,4.25
448,Preston,GB,2022-11-26 22:18:39,53.7667,-2.7167,53.69,88,100,24.07
449,Paita,PE,2022-11-26 22:18:39,-5.0892,-81.1144,68.86,78,25,15.99
450,Banning,US,2022-11-26 22:16:32,33.9256,-116.8764,71.47,18,6,8.16
451,Petropavlovsk-Kamchatskiy,RU,2022-11-26 22:18:40,53.0452,158.6483,19.99,73,75,4.47
452,Gueret,FR,2022-11-26 22:18:40,46.1667,1.8667,38.07,64,92,3.51
453,Ust-Kulom,RU,2022-11-26 22:18:40,61.6864,53.6902,-4.11,99,5,1.63
454,Buchanan,LR,2022-11-26 22:18:41,5.8808,-10.0467,78.21,84,63,6.73
455,Sabanalarga,CO,2022-11-26 22:19:41,10.6296,-74.9206,81.48,88,100,5.7
456,Santo Domingo,DO,2022-11-26 22:17:47,18.5001,-69.9886,83.84,84,75,4.0
457,Monrovia,LR,2022-11-26 22:19:42,6.3005,-10.7969,79.02,81,36,8.21
458,Brainerd,US,2022-11-26 22:19:42,46.358,-94.2008,48.22,49,0,11.5
459,Dhamtari,IN,2022-11-26 22:19:43,20.7072,81.5497,55.11,53,0,1.86
460,Pontes E Lacerda,BR,2022-11-26 22:19:43,-15.2261,-59.3353,90.64,21,4,6.11
461,Campoverde,PE,2022-11-26 22:19:43,-8.4753,-74.8058,91.09,62,87,1.03
462,Sobolevo,RU,2022-11-26 22:19:44,54.4299,31.8996,30.97,98,100,9.64
463,Novaya Zaimka,RU,2022-11-26 22:19:44,56.4857,66.9241,-10.52,94,8,5.59
464,Gelemso,ET,2022-11-26 22:19:45,8.8167,40.5167,60.44,61,88,2.33
465,Chapais,CA,2022-11-26 22:19:45,49.7834,-74.8492,31.78,96,100,8.84
466,Melbu,NO,2022-11-26 22:19:45,68.5044,14.8297,39.02,65,75,18.41
467,Saint-Denis,FR,2022-11-26 22:19:46,48.9167,2.3333,45.75,89,100,10.36
468,Almaznyy,RU,2022-11-26 22:19:46,48.0448,40.045,38.16,91,100,9.71
469,San Cristobal,VE,2022-11-26 22:19:47,7.7669,-72.225,75.38,88,99,1.5
470,Neryungri,RU,2022-11-26 22:19:47,56.6709,124.6491,-35.73,96,97,1.21
471,Balkanabat,TM,2022-11-26 22:19:48,39.5108,54.3671,61.72,32,6,11.86
472,Diamantino,BR,2022-11-26 22:19:48,-14.4086,-56.4461,85.73,46,70,5.06
473,Fallon,US,2022-11-26 22:15:06,39.4735,-118.7774,52.92,42,0,5.75
474,Amatitan,MX,2022-11-26 22:19:49,20.8333,-103.7167,83.34,24,100,6.4
475,Griffith,US,2022-11-26 22:19:49,41.5284,-87.4237,55.26,49,0,11.5
476,Jinchang,CN,2022-11-26 22:19:49,38.4953,102.1739,32.49,41,35,5.97
477,Raudeberg,NO,2022-11-26 22:19:50,61.9875,5.1352,50.86,64,100,16.96
478,Saint Paul,US,2022-11-26 22:16:08,44.9444,-93.0933,53.17,51,0,8.05
479,Emerald,AU,2022-11-26 22:19:50,-23.5333,148.1667,76.33,65,100,9.42
480,Puerto Leguizamo,CO,2022-11-26 22:19:51,-0.1934,-74.7819,78.64,81,100,0.69
481,Brownsville,US,2022-11-26 22:19:51,25.9018,-97.4975,71.6,49,0,10.36
482,Morehead,US,2022-11-26 22:19:51,37.2711,-87.1764,55.99,66,0,0.0
483,Jacutinga,BR,2022-11-26 22:19:52,-22.2856,-46.6122,65.17,80,72,4.12
484,Leh,IN,2022-11-26 22:19:52,34.1667,77.5833,14.14,65,0,2.04
485,Morant Bay,JM,2022-11-26 22:19:53,17.8815,-76.4093,83.82,76,9,9.64
486,Katherine,AU,2022-11-26 22:16:07,-14.4667,132.2667,79.12,83,75,5.75
487,Lorengau,PG,2022-11-26 22:19:53,-2.0226,147.2712,84.11,65,49,6.53
488,Loandjili,CG,2022-11-26 22:19:54,-4.7561,11.8578,76.03,90,100,5.12
489,Puerto Madryn,AR,2022-11-26 22:18:18,-42.7692,-65.0385,65.34,51,1,17.83
490,Ishinomaki,JP,2022-11-26 22:19:54,38.4167,141.3,50.0,64,2,16.28
491,Yatou,CN,2022-11-26 22:19:54,37.15,122.3833,47.35,74,94,13.27
492,Zorritos,PE,2022-11-26 22:19:55,-3.6805,-80.6782,75.49,74,63,10.0
493,West Point,US,2022-11-26 22:19:55,33.6076,-88.6503,60.66,91,100,13.8
494,Belmonte,BR,2022-11-26 22:19:56,-15.8631,-38.8828,76.66,89,100,10.56
495,Tromso,NO,2022-11-26 22:19:56,69.6496,18.957,33.82,69,20,10.36
496,Pedernales,DO,2022-11-26 22:19:56,18.0384,-71.744,80.98,74,3,3.18
497,Borogontsy,RU,2022-11-26 22:19:57,62.6683,131.1683,-50.08,100,61,1.03
498,Amapa,BR,2022-11-26 22:19:57,1.0,-52.0,82.22,56,59,4.9
499,Rybnik,PL,2022-11-26 22:19:58,50.0971,18.5418,42.26,98,100,1.01
500,Homnabad,IN,2022-11-26 22:20:58,17.7667,77.1333,65.52,61,1,6.67
501,Dhidhdhoo,MV,2022-11-26 22:20:58,6.8833,73.1,80.01,71,100,5.48
502,Camacha,PT,2022-11-26 22:20:59,33.0833,-16.3333,63.82,77,0,4.61
503,Bonavista,CA,2022-11-26 22:20:59,48.6499,-53.1147,37.8,89,100,24.65
504,Galveston,US,2022-11-26 22:20:59,29.3669,-94.9669,65.95,57,18,5.99
505,Huntington,US,2022-11-26 22:17:30,38.4193,-82.4452,56.3,52,0,0.0
506,Nanuque,BR,2022-11-26 22:21:00,-17.8392,-40.3539,74.39,93,100,10.65
507,Paamiut,GL,2022-11-26 22:21:00,61.994,-49.6678,18.91,84,35,5.35
508,Ouegoa,NC,2022-11-26 22:21:01,-20.35,164.4333,80.91,59,14,9.17
509,Beringovskiy,RU,2022-11-26 22:21:01,63.05,179.3167,5.99,98,93,6.87
510,Amuntai,ID,2022-11-26 22:21:02,-2.4177,115.2494,72.0,99,100,0.98
511,Canutama,BR,2022-11-26 22:21:02,-6.5339,-64.3831,78.64,86,96,2.44
512,Coihaique,CL,2022-11-26 22:21:02,-45.5752,-72.0662,68.61,22,0,4.61
513,Dingle,PH,2022-11-26 22:21:03,10.9995,122.6711,74.12,92,23,7.05
514,Puno,PE,2022-11-26 22:21:03,-15.8333,-70.0333,60.37,43,56,14.5
515,Riyadh,SA,2022-11-26 22:20:00,24.6877,46.7219,71.74,35,0,8.63
516,Springdale,US,2022-11-26 22:16:08,36.1867,-94.1288,51.91,96,100,12.66
517,Vilyuysk,RU,2022-11-26 22:21:04,63.7553,121.6247,-44.64,99,70,1.57
518,Oga,IT,2022-11-26 22:21:04,46.4631,10.347,29.08,76,48,1.74
519,Lubbock,US,2022-11-26 22:20:11,33.6001,-101.8338,44.85,87,75,0.0
520,Zonguldak,TR,2022-11-26 22:21:05,41.25,31.8333,41.59,87,100,1.7
521,Fairbanks,US,2022-11-26 22:21:05,64.8378,-147.7164,14.34,90,100,3.44
522,Alice Springs,AU,2022-11-26 22:21:06,-23.7,133.8833,74.75,83,40,0.0
523,Boguchany,RU,2022-11-26 22:21:06,58.3814,97.4531,-25.55,99,100,2.28
524,Shihezi,CN,2022-11-26 22:17:48,44.3,86.0333,14.27,70,100,6.42
525,Vlasotince,RS,2022-11-26 22:21:07,42.9636,22.1231,38.25,88,99,0.98
526,Menongue,AO,2022-11-26 22:21:07,-14.6585,17.691,63.68,90,97,4.92
527,Hambantota,LK,2022-11-26 22:18:12,6.1241,81.1185,76.08,86,41,3.65
528,Yantal,RU,2022-11-26 22:21:08,56.8471,105.2542,-16.04,97,95,2.98
529,Severnoye,RU,2022-11-26 22:21:08,56.3491,78.3619,-9.6,92,100,4.12
530,Tynda,RU,2022-11-26 22:21:09,55.1667,124.7167,-30.06,96,65,1.99
531,Kuybyshevo,RU,2022-11-26 22:21:09,47.8123,38.9073,40.53,85,100,9.37
532,Rabo De Peixe,PT,2022-11-26 22:21:10,37.8,-25.5833,58.51,97,20,8.05
533,Montague,US,2022-11-26 22:21:10,42.5356,-72.5351,47.44,59,6,4.88
534,Moose Factory,CA,2022-11-26 22:21:10,51.2585,-80.6094,33.8,93,100,5.75
535,Horki,BY,2022-11-26 22:21:11,54.2861,30.9842,32.11,99,100,8.79
536,Bowen,AU,2022-11-26 22:21:11,-20.0167,148.2333,80.26,77,66,9.08
537,Huilong,CN,2022-11-26 22:21:12,31.8111,121.655,61.63,78,83,16.58
538,Samfya,ZM,2022-11-26 22:21:12,-11.3649,29.5565,69.96,74,99,3.85
539,Hlotse,LS,2022-11-26 22:21:13,-28.8718,28.045,55.92,85,100,2.66
540,Cabedelo,BR,2022-11-26 22:16:14,-6.9811,-34.8339,79.47,77,100,10.33
541,Uncia,BO,2022-11-26 22:21:13,-18.467,-66.5685,55.06,24,38,21.47
542,Tandil,AR,2022-11-26 22:19:20,-37.3217,-59.1332,76.68,27,100,9.73
543,Vangaindrano,MG,2022-11-26 22:21:14,-23.35,47.6,72.21,85,50,6.11
544,Tocopilla,CL,2022-11-26 22:21:14,-22.092,-70.1979,70.0,65,21,11.48
545,Shingu,JP,2022-11-26 22:21:15,33.7333,135.9833,52.18,86,0,6.6
546,Santa Vitoria Do Palmar,BR,2022-11-26 22:21:15,-33.5189,-53.3681,69.15,88,8,11.07
547,Santa Maria,BR,2022-11-26 22:19:15,-29.6842,-53.8069,76.64,65,2,11.12
548,Barranca,PE,2022-11-26 22:22:16,-10.75,-77.7667,69.71,75,51,10.56
549,Camacari,BR,2022-11-26 22:22:16,-12.6975,-38.3242,78.57,90,89,8.34
550,Porto Novo,BJ,2022-11-26 22:22:16,6.4965,2.6036,82.22,80,76,8.93
551,Burgeo,CA,2022-11-26 22:22:17,47.6167,-57.6152,39.47,93,100,32.46
552,Woodward,US,2022-11-26 22:22:17,36.4337,-99.3904,43.83,92,100,4.61
553,Luganville,VU,2022-11-26 22:22:18,-15.5333,167.1667,78.6,84,100,4.36
554,Abbeville,FR,2022-11-26 22:22:18,50.1,1.8333,49.24,76,100,16.26
555,Ngaoundere,CM,2022-11-26 22:22:18,7.3167,13.5833,66.29,33,19,3.02
556,Columbus,US,2022-11-26 22:19:36,39.9612,-82.9988,52.32,52,100,5.75
557,Agaro,ET,2022-11-26 22:22:19,7.85,36.65,60.98,86,81,0.81
558,Umba,RU,2022-11-26 22:22:19,66.6871,34.3429,25.75,88,100,10.22
559,Sabha,LY,2022-11-26 22:22:20,27.0377,14.4283,63.48,45,94,7.96
560,Gharo,PK,2022-11-26 22:22:20,24.7424,67.5856,64.62,61,0,7.94
561,Marsh Harbour,BS,2022-11-26 22:22:21,26.5412,-77.0636,78.44,78,92,12.01
562,Kruisfontein,ZA,2022-11-26 22:21:00,-34.0033,24.7314,56.88,89,1,5.08
563,Gamba,GA,2022-11-26 22:22:21,-2.65,10.0,74.7,92,100,2.62
564,Yasinya,UA,2022-11-26 22:22:22,48.2794,24.3604,23.11,96,68,1.54
565,Yarim,YE,2022-11-26 22:22:22,14.298,44.3779,48.29,48,3,4.54
566,Kandrian,PG,2022-11-26 22:22:22,-6.2167,149.55,82.67,76,82,6.62
567,Aberdeen,GB,2022-11-26 22:18:56,57.1437,-2.0981,50.54,93,100,27.63
568,Ibra,OM,2022-11-26 22:22:23,22.6906,58.5334,68.74,62,0,3.42
569,Russell,US,2022-11-26 22:22:24,32.3502,-85.1999,61.75,88,100,3.44
