City ID,City,Country,Date,Lat,Lng,Max Temp,Humidity,Cloudiness,Wind Speed,Current Description
0,Tiruvalla,IN,2022-11-30 00:22:17,9.3833,76.5667,74.03,94,98,2.51,overcast clouds
1,Bredasdorp,ZA,2022-11-30 00:22:18,-34.5322,20.0403,64.4,74,13,3.96,few clouds
2,Jalu,LY,2022-11-30 00:22:18,29.0331,21.5482,58.71,50,0,8.25,clear sky
3,Teodoro Sampaio,BR,2022-11-30 00:22:19,-22.5325,-52.1675,72.73,63,76,7.36,broken clouds
4,Bjornevatn,NO,2022-11-30 00:22:19,69.6672,29.9847,35.22,80,75,17.27,broken clouds
5,Hithadhoo,MV,2022-11-30 00:22:20,-0.6,73.0833,81.12,74,99,7.56,overcast clouds
6,Visnes,NO,2022-11-30 00:22:20,59.3556,5.2242,45.21,75,100,6.91,overcast clouds
7,Qeshm,IR,2022-11-30 00:22:21,26.9581,56.2719,73.29,64,51,7.16,broken clouds
8,Maragheh,IR,2022-11-30 00:22:21,37.3917,46.2398,41.27,87,75,2.3,mist
9,Port Elizabeth,ZA,2022-11-30 00:21:05,-33.918,25.5701,70.32,81,0,17.27,clear sky
10,Ushuaia,AR,2022-11-30 00:22:22,-54.8,-68.3,47.86,61,75,5.75,broken clouds
11,Dikson,RU,2022-11-30 00:22:22,73.5069,80.5464,2.32,100,96,5.12,overcast clouds
12,Sisimiut,GL,2022-11-30 00:22:23,66.9395,-53.6735,16.88,89,80,13.96,broken clouds
13,Necochea,AR,2022-11-30 00:22:23,-38.5473,-58.7368,65.08,91,87,13.65,light rain
14,Trapani,IT,2022-11-30 00:22:24,37.8333,12.6667,51.89,87,40,2.3,scattered clouds
15,Georgetown,MY,2022-11-30 00:21:14,5.4112,100.3354,79.23,91,20,2.3,few clouds
16,Port Alfred,ZA,2022-11-30 00:22:24,-33.5906,26.891,70.18,84,54,13.29,broken clouds
17,Kismayo,SO,2022-11-30 00:22:25,-0.3582,42.5454,79.07,80,75,12.21,broken clouds
18,Jacareacanga,BR,2022-11-30 00:22:25,-6.2222,-57.7528,74.35,97,100,1.41,overcast clouds
19,Ilovka,RU,2022-11-30 00:22:26,50.7053,38.637,24.01,57,64,10.83,broken clouds
20,Coihaique,CL,2022-11-30 00:22:26,-45.5752,-72.0662,51.75,50,0,8.05,clear sky
21,Longyearbyen,SJ,2022-11-30 00:22:26,78.2186,15.6401,32.32,96,100,9.91,light snow
22,Punta Arenas,CL,2022-11-30 00:19:03,-53.15,-70.9167,48.11,57,99,23.85,overcast clouds
23,Konevo,RU,2022-11-30 00:20:33,62.1215,39.3192,10.29,98,72,2.95,broken clouds
24,Hamilton,US,2022-11-30 00:21:04,39.1834,-84.5333,59.77,62,20,12.66,few clouds
25,Coro,VE,2022-11-30 00:22:27,11.4045,-69.6734,76.98,85,100,8.75,overcast clouds
26,Nouadhibou,MR,2022-11-30 00:22:28,20.931,-17.0347,64.38,72,0,10.36,clear sky
27,Agirish,RU,2022-11-30 00:22:28,61.9247,63.0231,0.95,100,92,2.55,overcast clouds
28,Soller,ES,2022-11-30 00:22:29,39.7662,2.7152,48.85,88,23,3.83,few clouds
29,Hermanus,ZA,2022-11-30 00:22:30,-34.4187,19.2345,59.81,89,14,6.44,few clouds
30,Caceres,ES,2022-11-30 00:22:30,39.522,-6.3748,42.53,83,65,0.25,broken clouds
31,Sao Felix Do Xingu,BR,2022-11-30 00:22:31,-6.6447,-51.995,70.79,99,100,1.77,overcast clouds
32,Upernavik,GL,2022-11-30 00:22:31,72.7868,-56.1549,4.5,96,100,14.94,light snow
33,Cape Town,ZA,2022-11-30 00:18:05,-33.9258,18.4232,64.81,87,75,8.05,broken clouds
34,Trincomalee,LK,2022-11-30 00:22:32,8.5711,81.2335,77.36,71,63,2.66,broken clouds
35,Busselton,AU,2022-11-30 00:22:08,-33.65,115.3333,76.77,39,68,13.27,broken clouds
36,Port-Cartier,CA,2022-11-30 00:22:32,50.0334,-66.8654,17.28,91,27,6.76,scattered clouds
37,Trairi,BR,2022-11-30 00:19:26,-3.2778,-39.2689,77.86,81,81,5.95,broken clouds
38,Talnakh,RU,2022-11-30 00:22:33,69.4865,88.3972,-15.03,99,89,5.17,overcast clouds
39,Torbay,CA,2022-11-30 00:22:33,47.6666,-52.7314,27.75,73,75,16.11,broken clouds
40,Skagen,DK,2022-11-30 00:22:34,57.7209,10.5839,43.59,64,100,14.56,overcast clouds
41,Camacha,PT,2022-11-30 00:22:34,33.0833,-16.3333,58.42,67,75,5.75,broken clouds
42,Saint George,US,2022-11-30 00:22:21,37.1041,-113.5841,50.59,23,0,3.44,clear sky
43,Krasnoselkup,RU,2022-11-30 00:22:35,65.7,82.4667,-11.15,99,64,5.3,broken clouds
44,Saint-Philippe,RE,2022-11-30 00:22:35,-21.3585,55.7679,71.19,77,86,0.87,overcast clouds
45,Medea,DZ,2022-11-30 00:23:36,36.2642,2.7539,41.05,90,10,3.29,clear sky
46,Oranjemund,NA,2022-11-30 00:23:36,-28.55,16.4333,60.93,87,35,2.95,scattered clouds
47,Tasiilaq,GL,2022-11-30 00:23:37,65.6145,-37.6368,37.56,94,100,40.04,moderate rain
48,Qaanaaq,GL,2022-11-30 00:20:52,77.484,-69.3632,-17.28,81,14,6.24,few clouds
49,Jamestown,US,2022-11-30 00:18:44,42.097,-79.2353,44.71,84,0,11.5,clear sky
50,Zhezkazgan,KZ,2022-11-30 00:23:37,47.8043,67.7144,13.98,85,100,11.18,light snow
51,Mana,GF,2022-11-30 00:23:38,5.6592,-53.7767,76.24,90,94,8.08,overcast clouds
52,Pangnirtung,CA,2022-11-30 00:23:38,66.1451,-65.7125,-15.84,98,100,2.42,overcast clouds
53,Ancud,CL,2022-11-30 00:23:39,-41.8697,-73.8203,50.43,67,81,4.92,broken clouds
54,Vylok,UA,2022-11-30 00:23:39,48.1092,22.8387,37.62,74,65,3.74,broken clouds
55,Ribeira Grande,PT,2022-11-30 00:23:40,38.5167,-28.7,61.77,90,60,5.01,broken clouds
56,Henties Bay,NA,2022-11-30 00:23:41,-22.116,14.2845,59.36,87,41,2.66,scattered clouds
57,Iaciara,BR,2022-11-30 00:23:41,-14.0958,-46.6317,68.63,96,98,5.73,overcast clouds
58,Veselynove,UA,2022-11-30 00:23:42,47.3567,31.2349,36.37,57,100,10.65,overcast clouds
59,Ambilobe,MG,2022-11-30 00:23:42,-13.2,49.05,75.45,79,86,2.01,overcast clouds
60,Rawah,IQ,2022-11-30 00:23:42,34.4816,41.9093,63.32,46,100,6.06,overcast clouds
61,Lubumbashi,CD,2022-11-30 00:23:43,-11.6609,27.4794,61.36,90,86,2.35,overcast clouds
62,Vila Velha,BR,2022-11-30 00:21:53,-20.3297,-40.2925,75.15,94,100,12.66,overcast clouds
63,Harper,LR,2022-11-30 00:23:43,4.375,-7.7169,77.52,84,39,2.24,scattered clouds
64,Marathon,US,2022-11-30 00:23:44,44.9,-89.7668,38.73,92,100,17.27,light rain
65,Navahrudak,BY,2022-11-30 00:23:44,53.6,25.8333,28.24,98,96,6.85,overcast clouds
66,Coquimbo,CL,2022-11-30 00:23:45,-29.9533,-71.3436,62.33,82,75,6.91,broken clouds
67,Codrington,AU,2022-11-30 00:23:45,-38.2667,141.9667,59.22,70,86,9.08,overcast clouds
68,Sao Francisco,BR,2022-11-30 00:23:45,-15.9486,-44.8644,69.12,95,62,4.21,broken clouds
69,Trikala,GR,2022-11-30 00:23:46,39.5553,21.7675,47.55,83,100,1.88,overcast clouds
70,Hispania,CO,2022-11-30 00:23:46,5.7993,-75.9072,67.5,97,89,2.62,light rain
71,Upata,VE,2022-11-30 00:23:47,8.0086,-62.3989,69.51,98,95,3.74,overcast clouds
72,Hambantota,LK,2022-11-30 00:20:50,6.1241,81.1185,74.44,83,74,8.93,broken clouds
73,Wilmington,US,2022-11-30 00:20:32,34.2257,-77.9447,61.92,83,20,4.61,few clouds
74,Rincon,US,2022-11-30 00:19:31,32.296,-81.2354,64.36,79,0,3.44,clear sky
75,Makurdi,NG,2022-11-30 00:23:48,7.7411,8.5121,75.29,29,7,1.12,clear sky
76,Liverpool,GB,2022-11-30 00:23:48,53.4106,-2.9779,42.15,97,100,5.99,light intensity drizzle
77,Mercedes,AR,2022-11-30 00:23:48,-34.6515,-59.4307,82.63,38,22,14.85,few clouds
78,Maniitsoq,GL,2022-11-30 00:23:49,65.4167,-52.9,27.5,80,82,19.82,broken clouds
79,Umm Kaddadah,SD,2022-11-30 00:23:49,13.6017,26.6876,73.99,25,25,13.78,scattered clouds
80,Plettenberg Bay,ZA,2022-11-30 00:21:02,-34.0527,23.3716,67.39,69,1,6.26,clear sky
81,Diffa,NE,2022-11-30 00:23:50,13.3154,12.6113,65.91,23,87,8.01,overcast clouds
82,Requena,ES,2022-11-30 00:23:50,39.4883,-1.1004,43.79,63,89,5.35,overcast clouds
83,Cidreira,BR,2022-11-30 00:23:51,-30.1811,-50.2056,70.7,90,52,16.08,broken clouds
84,Comodoro Rivadavia,AR,2022-11-30 00:23:51,-45.8667,-67.5,51.66,66,0,12.66,clear sky
85,Ilulissat,GL,2022-11-30 00:23:51,69.2167,-51.1,23.02,80,100,0.0,overcast clouds
86,Omboue,GA,2022-11-30 00:23:52,-1.5746,9.2618,74.95,90,100,3.2,light rain
87,Altoona,US,2022-11-30 00:19:39,40.5187,-78.3947,44.49,75,100,1.99,overcast clouds
88,Bilma,NE,2022-11-30 00:24:52,18.6853,12.9164,62.74,40,36,8.14,scattered clouds
89,Cabedelo,BR,2022-11-30 00:22:54,-6.9811,-34.8339,79.47,71,84,11.83,broken clouds
90,Parabel,RU,2022-11-30 00:24:53,58.6978,81.4825,-17.23,97,67,3.83,broken clouds
91,Mehamn,NO,2022-11-30 00:24:53,71.0357,27.8492,35.55,93,90,16.11,overcast clouds
92,Margate,GB,2022-11-30 00:22:11,51.3813,1.3862,45.7,93,89,1.01,overcast clouds
93,Antalaha,MG,2022-11-30 00:24:54,-14.9003,50.2788,69.35,89,3,4.56,clear sky
94,East London,ZA,2022-11-30 00:22:24,-33.0153,27.9116,69.98,81,43,17.11,scattered clouds
95,Mahebourg,MU,2022-11-30 00:23:03,-20.4081,57.7,72.25,94,75,1.14,broken clouds
96,Banda Aceh,ID,2022-11-30 00:23:06,5.5577,95.3222,77.32,80,100,6.33,overcast clouds
97,Mar Del Plata,AR,2022-11-30 00:24:55,-38.0023,-57.5575,69.1,86,75,20.71,thunderstorm
98,Cayenne,GF,2022-11-30 00:24:55,4.9333,-52.3333,73.44,94,100,0.0,overcast clouds
99,Castro,BR,2022-11-30 00:24:55,-24.7911,-50.0119,60.62,94,84,7.81,broken clouds
100,Nalut,LY,2022-11-30 00:24:56,30.3333,10.85,48.88,64,0,9.15,clear sky
101,Saint-Francois,FR,2022-11-30 00:24:56,46.4154,3.9054,42.24,93,100,4.61,overcast clouds
102,Kruisfontein,ZA,2022-11-30 00:24:57,-34.0033,24.7314,63.88,71,7,6.31,clear sky
103,Mango,US,2022-11-30 00:24:57,27.9797,-82.3065,75.99,69,0,5.75,clear sky
104,Sumbe,AO,2022-11-30 00:24:58,-11.2061,13.8437,76.68,89,100,10.18,light rain
105,Umm Lajj,SA,2022-11-30 00:24:58,25.0213,37.2685,74.64,55,41,4.68,scattered clouds
106,Pisco,PE,2022-11-30 00:20:38,-13.7,-76.2167,68.05,83,0,11.5,clear sky
107,Itarema,BR,2022-11-30 00:24:59,-2.9248,-39.9167,77.76,79,95,8.1,overcast clouds
108,Boddam,GB,2022-11-30 00:24:59,57.4667,-1.7833,32.49,81,70,15.35,broken clouds
109,Elliot,ZA,2022-11-30 00:25:00,-31.3333,27.85,62.55,52,76,7.05,broken clouds
110,Faya,SA,2022-11-30 00:21:01,18.3851,42.4509,53.71,71,5,1.16,clear sky
111,Urumqi,CN,2022-11-30 00:22:01,43.801,87.6005,-8.45,71,0,0.0,clear sky
112,Narsaq,GL,2022-11-30 00:25:01,60.9167,-46.05,28.62,87,100,3.67,overcast clouds
113,Souillac,MU,2022-11-30 00:25:01,-20.5167,57.5167,70.18,94,75,1.14,broken clouds
114,Grindavik,IS,2022-11-30 00:25:02,63.8424,-22.4338,46.87,93,100,37.98,overcast clouds
115,Niquelandia,BR,2022-11-30 00:25:02,-14.4739,-48.4597,68.56,91,36,2.93,scattered clouds
116,Cockburn Town,TC,2022-11-30 00:25:03,21.4612,-71.1419,80.4,69,25,19.66,scattered clouds
117,Carnarvon,AU,2022-11-30 00:22:17,-24.8667,113.6333,73.47,73,0,11.86,clear sky
118,Tambura,SS,2022-11-30 00:25:03,5.6,27.4667,73.33,73,95,2.64,overcast clouds
119,Victoria,HK,2022-11-30 00:23:32,22.2855,114.1577,78.85,88,2,8.16,clear sky
120,Monze,ZM,2022-11-30 00:25:04,-16.2833,27.4833,62.94,91,1,4.61,clear sky
121,Sanandaj,IR,2022-11-30 00:25:04,35.3144,46.9923,41.02,87,75,0.0,broken clouds
122,Bafoulabe,ML,2022-11-30 00:25:05,13.8065,-10.8321,81.27,18,98,3.2,overcast clouds
123,Porto Nacional,BR,2022-11-30 00:25:05,-10.7081,-48.4172,75.2,95,99,6.31,overcast clouds
124,Paita,PE,2022-11-30 00:25:06,-5.0892,-81.1144,67.33,84,78,15.97,broken clouds
125,Olafsvik,IS,2022-11-30 00:25:06,64.8945,-23.7142,43.0,88,100,19.91,overcast clouds
126,Nicholasville,US,2022-11-30 00:25:07,37.8806,-84.573,60.94,58,0,16.11,clear sky
127,Rio Grande,BR,2022-11-30 00:22:45,-32.035,-52.0986,71.71,89,9,14.72,clear sky
128,Santa Fe,AR,2022-11-30 00:25:07,-31.6333,-60.7,89.01,42,13,5.01,light rain
129,Ponta Do Sol,PT,2022-11-30 00:25:07,32.6667,-17.1,63.72,75,29,3.91,scattered clouds
130,Aswan,EG,2022-11-30 00:25:08,24.0934,32.907,66.24,39,50,6.89,scattered clouds
131,Nadym,RU,2022-11-30 00:25:08,65.5333,72.5167,7.09,95,100,5.61,overcast clouds
132,Misratah,LY,2022-11-30 00:25:09,32.3754,15.0925,62.19,61,91,17.2,overcast clouds
133,Vestmanna,FO,2022-11-30 00:25:10,62.1564,-7.1664,41.92,93,75,10.36,broken clouds
134,Podor,MR,2022-11-30 00:25:10,16.6527,-14.9587,78.17,15,0,12.06,clear sky
135,Turukhansk,RU,2022-11-30 00:26:11,65.8167,87.9833,-7.87,99,99,5.1,overcast clouds
136,Lixourion,GR,2022-11-30 00:26:11,38.2019,20.4314,53.4,83,100,17.45,overcast clouds
137,Imbituba,BR,2022-11-30 00:26:11,-28.24,-48.6703,73.85,94,73,9.44,broken clouds
138,Lebu,CL,2022-11-30 00:26:12,-37.6167,-73.65,56.12,89,100,16.51,overcast clouds
139,Tetouan,MA,2022-11-30 00:26:13,35.5711,-5.3724,47.17,76,0,6.91,clear sky
140,Angoche,MZ,2022-11-30 00:26:13,-16.2325,39.9086,76.44,81,100,5.48,light rain
141,Sao Miguel Do Araguaia,BR,2022-11-30 00:25:46,-13.275,-50.1628,71.76,92,65,6.29,broken clouds
142,Luderitz,NA,2022-11-30 00:26:14,-26.6481,15.1594,60.84,90,25,7.76,scattered clouds
143,Sao Gabriel Da Cachoeira,BR,2022-11-30 00:24:57,-0.1303,-67.0892,73.89,97,98,2.59,overcast clouds
144,Dumka,IN,2022-11-30 00:26:14,24.2667,87.25,61.83,67,0,5.3,clear sky
145,Cuamba,MZ,2022-11-30 00:26:15,-14.8031,36.5372,68.25,86,100,3.06,overcast clouds
146,Pimenta Bueno,BR,2022-11-30 00:24:50,-11.6725,-61.1936,79.34,62,65,4.07,broken clouds
147,Kayerkan,RU,2022-11-30 00:26:15,69.3497,87.7602,-9.0,99,96,4.32,overcast clouds
148,Americus,US,2022-11-30 00:26:16,32.0724,-84.2327,69.39,73,40,5.75,scattered clouds
149,Kashi,CN,2022-11-30 00:26:16,39.4547,75.9797,18.61,45,58,6.71,dust
150,Yar-Sale,RU,2022-11-30 00:26:17,66.8333,70.8333,-1.34,99,99,1.28,overcast clouds
151,Kuito,AO,2022-11-30 00:26:17,-12.3833,16.9333,57.51,97,80,3.31,light rain
152,Sarlat-La-Caneda,FR,2022-11-30 00:26:18,44.889,1.2166,37.56,96,4,2.46,clear sky
153,Donskoye,RU,2022-11-30 00:26:18,45.4552,41.9741,32.13,75,98,24.18,overcast clouds
154,Salinopolis,BR,2022-11-30 00:23:13,-0.6136,-47.3561,77.88,86,89,8.41,overcast clouds
155,Thompson,CA,2022-11-30 00:26:19,55.7435,-97.8558,1.56,78,100,16.11,light snow
156,Kavaratti,IN,2022-11-30 00:26:19,10.5669,72.642,81.37,70,46,1.61,scattered clouds
157,Olinda,BR,2022-11-30 00:25:33,-8.0089,-34.8553,80.33,69,40,4.61,scattered clouds
158,Bonthe,SL,2022-11-30 00:26:20,7.5264,-12.505,78.06,80,18,3.49,few clouds
159,Beloha,MG,2022-11-30 00:26:20,-25.1667,45.05,72.1,76,100,4.72,overcast clouds
160,Adrar,MR,2022-11-30 00:26:21,20.5022,-10.0711,63.46,20,0,10.0,clear sky
161,Nowy Dwor Gdanski,PL,2022-11-30 00:26:21,54.2131,19.1177,34.99,95,58,6.35,broken clouds
162,Road Town,VG,2022-11-30 00:26:22,18.4167,-64.6167,78.84,83,40,4.61,scattered clouds
163,Mizdah,LY,2022-11-30 00:23:36,31.4451,12.9801,51.75,68,26,12.46,scattered clouds
164,Boras,SE,2022-11-30 00:26:22,57.721,12.9401,36.82,81,99,4.25,overcast clouds
165,Baragua,CU,2022-11-30 00:26:23,21.6967,-78.6328,76.82,77,60,9.91,broken clouds
166,Mitsamiouli,KM,2022-11-30 00:26:23,-11.3847,43.2844,77.36,78,66,7.47,broken clouds
167,Manta,EC,2022-11-30 00:24:30,-0.95,-80.7333,74.98,73,0,13.8,clear sky
168,Sao Filipe,CV,2022-11-30 00:26:24,14.8961,-24.4956,75.11,66,0,9.4,clear sky
169,Lerwick,GB,2022-11-30 00:23:07,60.1545,-1.1494,48.2,84,45,10.29,scattered clouds
170,Plymouth,US,2022-11-30 00:24:17,41.8334,-70.8328,41.95,79,100,0.0,overcast clouds
171,Yenagoa,NG,2022-11-30 00:26:25,4.9247,6.2642,76.37,88,67,3.31,broken clouds
172,Danielskuil,ZA,2022-11-30 00:26:25,-28.1887,23.5395,68.13,54,43,12.01,scattered clouds
173,Mangrol,IN,2022-11-30 00:26:26,21.1167,70.1167,70.84,44,28,10.0,scattered clouds
174,Arraial Do Cabo,BR,2022-11-30 00:26:27,-22.9661,-42.0278,73.36,88,75,16.11,broken clouds
175,Salalah,OM,2022-11-30 00:26:27,17.0151,54.0924,75.29,78,40,3.44,scattered clouds
176,Darab,IR,2022-11-30 00:26:28,28.7519,54.5444,60.1,27,99,1.97,overcast clouds
177,Tacuarembo,UY,2022-11-30 00:26:28,-31.7333,-55.9833,76.23,46,74,9.24,broken clouds
178,Vestmannaeyjar,IS,2022-11-30 00:26:28,63.4427,-20.2734,46.58,92,100,36.04,overcast clouds
179,Shelburne,CA,2022-11-30 00:21:51,44.0787,-80.2041,37.76,88,100,14.38,overcast clouds
180,Meulaboh,ID,2022-11-30 00:26:29,4.1363,96.1285,75.79,88,98,4.36,overcast clouds
181,Cravo Norte,CO,2022-11-30 00:26:29,6.3017,-70.2041,72.28,95,99,3.67,overcast clouds
182,Siavonga,ZM,2022-11-30 00:26:31,-16.5382,28.7088,72.09,79,1,5.86,light rain
183,Bengkulu,ID,2022-11-30 00:26:31,-3.8004,102.2655,75.99,89,100,4.38,overcast clouds
184,Saint-Pierre,RE,2022-11-30 00:27:31,-21.3393,55.4781,75.9,73,0,4.61,clear sky
185,Rio Gallegos,AR,2022-11-30 00:25:35,-51.6226,-69.2181,50.05,40,40,18.41,scattered clouds
186,Caxias,PT,2022-11-30 00:27:32,38.7031,-9.2767,54.91,74,20,4.61,few clouds
187,Carepa,CO,2022-11-30 00:27:32,7.7585,-76.6525,74.98,94,75,0.0,light intensity drizzle
188,Tucuman,AR,2022-11-30 00:24:07,-26.8241,-65.2226,78.8,57,40,9.22,light rain
189,Constitucion,CL,2022-11-30 00:27:33,-35.3333,-72.4167,56.39,88,32,13.15,scattered clouds
190,Alakurtti,RU,2022-11-30 00:27:33,66.9672,30.3491,24.91,97,97,2.66,overcast clouds
191,Rawson,AR,2022-11-30 00:27:34,-43.3002,-65.1023,54.66,67,34,18.43,scattered clouds
192,Richards Bay,ZA,2022-11-30 00:27:34,-28.783,32.0377,63.14,84,1,6.44,clear sky
193,Acajutla,SV,2022-11-30 00:27:35,13.5928,-89.8275,78.8,82,36,3.31,scattered clouds
194,America Dourada,BR,2022-11-30 00:27:35,-11.4553,-41.4361,68.29,95,100,10.83,overcast clouds
195,Songadh,IN,2022-11-30 00:26:57,21.1667,73.5667,67.15,42,59,6.35,broken clouds
196,Kargat,RU,2022-11-30 00:27:36,55.1956,80.2811,-6.29,88,100,3.02,overcast clouds
197,Pushkinskiye Gory,RU,2022-11-30 00:27:36,57.0209,28.9103,25.12,96,100,4.07,light snow
198,Tukrah,LY,2022-11-30 00:27:37,32.5341,20.5791,62.69,75,99,11.45,light rain
199,Beberibe,BR,2022-11-30 00:27:37,-4.1797,-38.1306,77.94,81,38,8.34,scattered clouds
200,Los Llanos De Aridane,ES,2022-11-30 00:27:38,28.6585,-17.9182,65.95,78,100,12.66,overcast clouds
201,Conceicao Do Araguaia,BR,2022-11-30 00:27:38,-8.2578,-49.2647,70.45,99,100,7.52,overcast clouds
202,Kibala,TD,2022-11-30 00:27:39,9.1104,18.3463,73.6,26,18,6.35,few clouds
203,Borisoglebskiy,RU,2022-11-30 00:27:39,57.2586,39.1508,4.55,98,86,3.69,overcast clouds
204,Asyut,EG,2022-11-30 00:27:39,27.181,31.1837,60.98,46,0,5.5,clear sky
205,Camana,PE,2022-11-30 00:27:40,-16.6228,-72.7111,67.41,85,89,6.73,overcast clouds
206,Olhao,PT,2022-11-30 00:27:40,37.0286,-7.8411,53.29,79,0,3.44,clear sky
207,Ugoofaaru,MV,2022-11-30 00:27:41,5.6667,73.0,80.8,70,68,3.83,broken clouds
208,Marawi,PH,2022-11-30 00:27:41,7.9986,124.2928,73.33,85,100,2.71,overcast clouds
209,Maloy,NO,2022-11-30 00:27:42,61.9353,5.1136,45.73,65,99,11.21,overcast clouds
210,Dzilam Gonzalez,MX,2022-11-30 00:27:42,21.2833,-88.9333,79.23,66,50,6.53,scattered clouds
211,Manbij,SY,2022-11-30 00:27:42,36.5281,37.9549,50.56,93,100,12.24,light rain
212,Sesheke,ZM,2022-11-30 00:27:43,-17.4759,24.2968,68.25,72,25,4.68,scattered clouds
213,Bandipur,NP,2022-11-30 00:27:44,27.9333,84.4167,49.15,76,67,2.51,broken clouds
214,Inhambane,MZ,2022-11-30 00:27:44,-23.865,35.3833,68.02,67,8,9.31,clear sky
215,Gulfport,US,2022-11-30 00:23:29,30.3674,-89.0928,73.4,96,100,9.22,mist
216,Ziarat,PK,2022-11-30 00:27:44,30.3823,67.7282,39.49,30,0,6.85,clear sky
217,Decatur,US,2022-11-30 00:27:45,39.8403,-88.9548,59.05,88,100,17.27,overcast clouds
218,Knysna,ZA,2022-11-30 00:27:45,-34.0363,23.0471,67.59,69,2,5.08,clear sky
219,Husavik,IS,2022-11-30 00:27:46,66.0449,-17.3389,34.52,80,24,14.74,few clouds
220,Iquique,CL,2022-11-30 00:27:46,-20.2208,-70.1431,68.04,79,49,2.33,scattered clouds
221,Matagami,CA,2022-11-30 00:27:46,49.7502,-77.6328,21.31,79,100,17.27,overcast clouds
222,Zambezi,ZM,2022-11-30 00:27:47,-13.5432,23.1047,62.26,94,97,3.04,overcast clouds
223,Alto Araguaia,BR,2022-11-30 00:27:47,-17.3147,-53.2153,75.65,36,30,3.76,scattered clouds
224,La Ligua,CL,2022-11-30 00:24:28,-32.4524,-71.2311,61.03,79,20,3.96,few clouds
225,Saint Anthony,US,2022-11-30 00:27:48,45.0205,-93.218,22.6,80,40,12.66,scattered clouds
226,Turayf,SA,2022-11-30 00:27:48,31.6725,38.6637,50.25,100,75,6.91,mist
227,Komsomolskiy,UZ,2022-11-30 00:27:49,40.4272,71.7189,43.52,87,73,4.61,mist
228,Keti Bandar,PK,2022-11-30 00:28:49,24.1447,67.4497,70.83,25,0,9.73,clear sky
229,Mashhad,IR,2022-11-30 00:28:50,36.297,59.6062,39.34,87,0,0.0,clear sky
230,Sorland,NO,2022-11-30 00:28:50,67.667,12.6934,40.86,74,100,15.52,light rain
231,Bambous Virieux,MU,2022-11-30 00:28:50,-20.3428,57.7575,72.21,94,75,1.14,broken clouds
232,Bure,ET,2022-11-30 00:28:51,10.7,37.0667,57.06,73,75,4.16,broken clouds
233,Burgersdorp,ZA,2022-11-30 00:28:51,-30.9977,26.3286,64.63,58,21,4.45,few clouds
234,Chake Chake,TZ,2022-11-30 00:28:52,-5.2459,39.7666,75.07,91,79,5.23,light rain
235,Kaspiyskiy,RU,2022-11-30 00:28:52,45.3929,47.3707,34.29,62,3,15.19,clear sky
236,Santa Maria,BR,2022-11-30 00:26:38,-29.6842,-53.8069,76.3,69,0,13.8,clear sky
237,Yarmouth,US,2022-11-30 00:28:53,41.7057,-70.2286,43.97,84,100,1.99,overcast clouds
238,Hillsborough,US,2022-11-30 00:27:57,37.5741,-122.3794,57.94,54,20,13.8,few clouds
239,Dhidhdhoo,MV,2022-11-30 00:28:53,6.8833,73.1,80.53,71,26,2.59,scattered clouds
240,Mahanoro,MG,2022-11-30 00:28:54,-19.9,48.8,73.49,85,75,8.93,broken clouds
241,Arlit,NE,2022-11-30 00:28:54,18.7369,7.3853,68.79,23,2,7.7,clear sky
242,Moussoro,TD,2022-11-30 00:28:54,13.6408,16.4901,69.15,20,49,8.32,scattered clouds
243,Rabak,SD,2022-11-30 00:28:55,13.1809,32.74,83.77,23,39,16.33,scattered clouds
244,Porto Novo,BJ,2022-11-30 00:28:56,6.4965,2.6036,78.66,83,77,6.06,broken clouds
245,Visby,SE,2022-11-30 00:28:56,57.6409,18.296,36.05,93,100,3.44,overcast clouds
246,Navrongo,GH,2022-11-30 00:28:57,10.8956,-1.0921,79.86,24,9,3.91,clear sky
247,Boa Vista,BR,2022-11-30 00:28:57,2.8197,-60.6733,78.78,83,0,1.14,clear sky
248,Sladkovo,RU,2022-11-30 00:28:57,55.5284,70.3385,-5.64,88,58,6.76,broken clouds
249,Nanortalik,GL,2022-11-30 00:28:58,60.1432,-45.2371,31.32,85,100,13.62,overcast clouds
250,Taoudenni,ML,2022-11-30 00:28:58,22.6783,-3.9836,64.11,18,12,10.78,few clouds
251,Westport,US,2022-11-30 00:28:59,41.1415,-73.3579,41.18,68,0,4.61,clear sky
252,Morrinhos,BR,2022-11-30 00:28:59,-17.7311,-49.0994,73.67,59,77,3.67,broken clouds
253,Borovoy,RU,2022-11-30 00:29:00,55.4333,86.0833,-17.32,83,56,2.24,mist
254,Vysha,RU,2022-11-30 00:29:00,53.8477,42.3777,19.17,90,17,4.05,few clouds
255,Rebrikha,RU,2022-11-30 00:29:00,53.0733,82.3408,-11.09,93,91,4.56,overcast clouds
256,Gigant,RU,2022-11-30 00:29:01,46.5066,41.3419,28.72,59,75,21.63,broken clouds
257,Talara,PE,2022-11-30 00:29:01,-4.5772,-81.2719,70.56,78,0,16.11,clear sky
258,Tanout,NE,2022-11-30 00:29:02,14.9709,8.8879,63.28,26,5,9.19,clear sky
259,Bubaque,GW,2022-11-30 00:29:02,11.2833,-15.8333,81.18,62,65,10.04,broken clouds
260,Iqaluit,CA,2022-11-30 00:24:59,63.7506,-68.5145,-15.07,70,20,19.57,few clouds
261,Verkhnyaya Inta,RU,2022-11-30 00:29:03,65.9811,60.3094,10.62,96,100,2.44,overcast clouds
262,Utete,TZ,2022-11-30 00:29:03,-7.986,38.758,71.98,98,77,2.28,broken clouds
263,Belmonte,BR,2022-11-30 00:29:03,-15.8631,-38.8828,75.42,92,100,2.77,overcast clouds
264,Veraval,IN,2022-11-30 00:29:04,20.9,70.3667,72.07,44,45,10.45,scattered clouds
265,Kjopsvik,NO,2022-11-30 00:29:04,68.097,16.3742,37.27,76,74,7.67,broken clouds
266,Grand Gaube,MU,2022-11-30 00:29:05,-20.0064,57.6608,72.37,77,37,1.01,scattered clouds
267,Fria,GN,2022-11-30 00:29:05,10.4167,-13.5833,71.22,92,89,1.43,light rain
268,Klaksvik,FO,2022-11-30 00:29:06,62.2266,-6.589,43.72,75,100,10.36,overcast clouds
269,Mabaruma,GY,2022-11-30 00:29:06,8.2,-59.7833,72.59,98,100,2.8,overcast clouds
270,Corinto,GR,2022-11-30 00:29:07,37.9407,22.9573,57.88,89,99,3.51,overcast clouds
271,Mayumba,GA,2022-11-30 00:29:07,-3.432,10.6554,76.51,84,98,2.75,overcast clouds
272,Colares,PT,2022-11-30 00:29:07,38.7992,-9.4469,54.75,73,35,7.0,scattered clouds
273,Barquisimeto,VE,2022-11-30 00:29:08,10.0739,-69.3228,72.23,73,88,3.44,overcast clouds
274,Shahreza,IR,2022-11-30 00:29:08,32.0339,51.8794,48.04,51,100,1.43,overcast clouds
275,Kattivakkam,IN,2022-11-30 00:29:09,13.2167,80.3167,73.49,78,88,6.93,overcast clouds
276,Goldap,PL,2022-11-30 00:30:09,54.3063,22.3036,31.33,96,100,5.06,overcast clouds
277,Sault Sainte Marie,CA,2022-11-30 00:30:10,46.5168,-84.3333,43.36,87,100,18.41,overcast clouds
278,Urucara,BR,2022-11-30 00:30:12,-2.5364,-57.76,76.14,83,100,1.9,overcast clouds
279,Acarau,BR,2022-11-30 00:30:13,-2.8856,-40.12,77.13,82,100,5.61,overcast clouds
280,Urengoy,RU,2022-11-30 00:30:14,65.9667,78.3667,-5.6,100,77,4.16,broken clouds
281,Itaueira,BR,2022-11-30 00:30:14,-7.6033,-43.0256,70.11,98,100,1.97,overcast clouds
282,La Plata,AR,2022-11-30 00:30:15,-34.9215,-57.9545,82.04,66,4,9.4,clear sky
283,Ostrovnoy,RU,2022-11-30 00:30:15,68.0531,39.5131,25.18,97,99,16.62,overcast clouds
284,Namibe,AO,2022-11-30 00:30:16,-15.1961,12.1522,68.29,86,100,13.24,overcast clouds
285,Holeby,DK,2022-11-30 00:30:16,54.7115,11.4642,39.06,91,100,9.95,overcast clouds
286,Quballat,TN,2022-11-30 00:30:17,36.5418,9.6633,51.13,78,95,14.61,light rain
287,Palaikastron,GR,2022-11-30 00:30:17,35.2,26.25,59.07,79,100,2.68,overcast clouds
288,Chuy,UY,2022-11-30 00:30:18,-33.6971,-53.4616,66.09,88,0,10.8,clear sky
289,Vila Franca Do Campo,PT,2022-11-30 00:30:19,37.7167,-25.4333,64.81,82,88,4.18,overcast clouds
290,Juba,SS,2022-11-30 00:30:19,4.8517,31.5825,75.92,62,76,1.48,broken clouds
291,Aksay,RU,2022-11-30 00:26:51,47.26,39.87,34.25,27,87,17.0,overcast clouds
292,Bridlington,GB,2022-11-30 00:30:21,54.0831,-0.1919,42.03,92,100,5.01,overcast clouds
293,Skibbereen,IE,2022-11-30 00:29:57,51.55,-9.2667,52.11,97,100,18.3,overcast clouds
294,Eyl,SO,2022-11-30 00:30:22,7.9803,49.8164,73.8,77,7,11.74,clear sky
295,Sarakhs,IR,2022-11-30 00:30:22,36.5449,61.1577,48.97,71,99,4.41,overcast clouds
296,Goderich,CA,2022-11-30 00:30:23,43.7501,-81.7165,44.92,81,100,23.02,overcast clouds
297,Kabare,CD,2022-11-30 00:30:23,-2.4683,28.8242,60.06,94,100,0.31,overcast clouds
298,Oksfjord,NO,2022-11-30 00:30:24,70.2396,22.3479,39.38,80,57,7.49,broken clouds
299,Savannah Bight,HN,2022-11-30 00:30:24,16.45,-85.85,81.95,73,9,18.63,clear sky
300,Hofn,IS,2022-11-30 00:30:25,64.2539,-15.2082,44.29,93,100,12.44,overcast clouds
301,Jumla,NP,2022-11-30 00:30:25,29.2747,82.1838,41.85,28,89,5.19,overcast clouds
302,Thinadhoo,MV,2022-11-30 00:30:26,0.5333,72.9333,80.6,73,100,6.2,overcast clouds
303,Palora,EC,2022-11-30 00:30:26,-1.7,-77.9333,68.43,86,95,3.29,overcast clouds
304,Touros,BR,2022-11-30 00:30:27,-5.1989,-35.4608,79.11,71,100,9.98,overcast clouds
305,Sao Jose Da Coroa Grande,BR,2022-11-30 00:30:27,-8.8978,-35.1478,77.54,80,100,10.67,overcast clouds
306,Abha,SA,2022-11-30 00:30:27,18.2164,42.5053,53.42,87,0,0.0,clear sky
307,Saint-Joseph,RE,2022-11-30 00:30:28,-21.3667,55.6167,70.18,78,43,0.78,scattered clouds
308,Deder,ET,2022-11-30 00:30:29,9.3167,41.45,51.71,42,0,4.12,clear sky
309,Soyo,AO,2022-11-30 00:30:29,-6.1349,12.3689,74.59,92,100,8.48,moderate rain
310,Zmeinogorsk,RU,2022-11-30 00:30:30,51.1567,82.195,-9.67,89,100,2.15,overcast clouds
311,Jabinyanah,TN,2022-11-30 00:30:30,35.035,10.9081,51.6,62,59,13.11,broken clouds
312,Morant Bay,JM,2022-11-30 00:30:31,17.8815,-76.4093,82.02,80,1,8.95,clear sky
313,Rundu,NA,2022-11-30 00:30:31,-17.9333,19.7667,71.1,50,38,5.95,scattered clouds
314,Udimskiy,RU,2022-11-30 00:30:32,61.1417,45.9144,12.58,93,91,4.07,overcast clouds
315,Buraydah,SA,2022-11-30 00:30:32,26.326,43.975,66.65,29,78,10.51,broken clouds
316,Pindi Gheb,PK,2022-11-30 00:30:33,33.2402,72.2661,58.35,37,0,3.76,clear sky
317,Naron,ES,2022-11-30 00:30:33,43.5167,-8.1528,55.02,82,100,8.79,overcast clouds
318,Guantanamo,CU,2022-11-30 00:30:34,20.1444,-75.2092,81.97,87,20,5.79,few clouds
319,Hargeysa,SO,2022-11-30 00:30:34,9.56,44.065,58.23,59,2,9.4,clear sky
320,Kissamos,GR,2022-11-30 00:30:35,35.4939,23.6569,61.92,78,100,7.07,overcast clouds
321,Porto Velho,BR,2022-11-30 00:30:35,-8.7619,-63.9039,78.85,89,0,2.3,clear sky
322,Plouzane,FR,2022-11-30 00:30:36,48.3833,-4.6167,48.25,87,100,8.05,overcast clouds
323,Mazamari,PE,2022-11-30 00:31:36,-11.3258,-74.5308,74.98,81,100,1.95,overcast clouds
324,Vardo,NO,2022-11-30 00:31:37,70.3705,31.1107,33.78,80,20,20.71,few clouds
325,Bathsheba,BB,2022-11-30 00:31:37,13.2167,-59.5167,79.41,78,40,13.8,scattered clouds
326,Kabale,UG,2022-11-30 00:31:38,-1.2486,29.9899,57.04,93,100,1.95,overcast clouds
327,Mahibadhoo,MV,2022-11-30 00:31:38,3.7833,72.9667,80.44,67,53,3.49,broken clouds
328,Fonte Boa,BR,2022-11-30 00:31:38,-2.4959,-66.2662,76.68,88,68,2.8,broken clouds
329,Ayorou,NE,2022-11-30 00:31:39,14.7308,0.9174,72.91,20,10,7.76,clear sky
330,Tocopilla,CL,2022-11-30 00:31:39,-22.092,-70.1979,64.33,74,19,5.14,few clouds
331,Red Bank,US,2022-11-30 00:31:40,40.3471,-74.0643,42.82,79,0,0.0,clear sky
332,Kemijarvi,FI,2022-11-30 00:31:40,66.7131,27.4306,27.57,95,100,5.77,overcast clouds
333,Yavatmal,IN,2022-11-30 00:31:40,20.4,78.1333,57.61,62,4,3.42,clear sky
334,Neuquen,AR,2022-11-30 00:27:50,-38.9516,-68.0591,78.69,24,0,8.05,clear sky
335,Maldonado,UY,2022-11-30 00:31:26,-34.6667,-54.9167,72.23,74,0,12.01,clear sky
336,Penzance,GB,2022-11-30 00:31:41,50.1186,-5.5371,50.68,81,100,15.68,overcast clouds
337,Baft,IR,2022-11-30 00:31:42,29.234,56.6057,44.53,39,70,1.99,broken clouds
338,Fayetteville,US,2022-11-30 00:30:05,35.0527,-78.8784,60.49,75,75,6.91,broken clouds
339,Jiwani,PK,2022-11-30 00:31:43,25.05,61.7417,75.49,45,0,5.39,clear sky
340,Zaysan,KZ,2022-11-30 00:31:44,47.4667,84.8667,-9.9,79,7,3.47,clear sky
341,Portmore,JM,2022-11-30 00:31:44,17.9702,-76.8672,82.36,69,20,3.44,few clouds
342,Bara,NG,2022-11-30 00:31:45,10.3744,10.7288,67.5,25,100,7.54,overcast clouds
343,Maragogi,BR,2022-11-30 00:30:10,-9.0122,-35.2225,76.64,84,100,8.9,light rain
344,Ondjiva,AO,2022-11-30 00:31:45,-17.0667,15.7333,74.52,53,100,5.61,overcast clouds
345,Meiganga,CM,2022-11-30 00:31:46,6.5167,14.3,65.98,41,100,2.82,overcast clouds
346,Kiruna,SE,2022-11-30 00:31:47,67.8557,20.2251,29.32,86,100,13.8,overcast clouds
347,Corbelia,BR,2022-11-30 00:31:47,-24.7989,-53.3067,65.95,83,100,4.25,overcast clouds
348,Groningen,NL,2022-11-30 00:28:07,53.25,6.75,44.67,92,100,4.61,overcast clouds
349,Belyy Yar,RU,2022-11-30 00:31:49,53.6039,91.3903,-13.14,67,20,0.0,light snow
350,Praia,CV,2022-11-30 00:31:49,14.9215,-23.5087,73.94,78,20,14.97,few clouds
351,Belogorsk,RU,2022-11-30 00:30:57,50.9158,128.4611,-6.27,95,100,11.05,overcast clouds
352,Libertador General San Martin,AR,2022-11-30 00:31:50,-23.8064,-64.7876,74.97,86,98,2.57,moderate rain
353,Piney Green,US,2022-11-30 00:31:50,34.716,-77.3202,58.93,87,75,8.05,broken clouds
354,Sannat,MT,2022-11-30 00:31:51,36.0244,14.2428,54.03,90,21,5.77,few clouds
355,Moyobamba,PE,2022-11-30 00:31:51,-6.05,-76.9667,69.26,93,94,1.23,overcast clouds
356,Mbini,GQ,2022-11-30 00:31:52,1.574,9.6134,75.99,89,100,9.26,overcast clouds
357,Berlevag,NO,2022-11-30 00:31:52,70.8578,29.0864,35.6,86,75,20.71,broken clouds
358,Montigny-En-Gohelle,FR,2022-11-30 00:31:53,50.4254,2.939,42.48,95,100,3.44,mist
359,Shubarkuduk,KZ,2022-11-30 00:31:53,49.1447,56.4872,14.83,42,0,12.17,clear sky
360,Geraldton,AU,2022-11-30 00:31:54,-28.7667,114.6,72.01,73,100,10.36,overcast clouds
361,Pallasovka,RU,2022-11-30 00:31:54,50.05,46.8833,21.7,49,0,7.29,clear sky
362,Balkhash,KZ,2022-11-30 00:31:55,46.844,74.9804,14.16,58,100,16.6,overcast clouds
363,Saldanha,ZA,2022-11-30 00:31:55,-33.0117,17.9442,64.45,95,37,2.95,scattered clouds
364,Nurota,UZ,2022-11-30 00:31:55,40.5614,65.6886,40.44,71,6,6.46,clear sky
365,Ampanihy,MG,2022-11-30 00:31:56,-24.7,44.75,73.08,72,100,4.88,overcast clouds
366,Tondi,IN,2022-11-30 00:31:56,9.7333,79.0167,72.72,80,17,9.84,few clouds
367,Rocha,UY,2022-11-30 00:31:57,-34.4833,-54.3333,63.93,88,0,10.49,clear sky
368,Nicoya,CR,2022-11-30 00:32:57,10.1483,-85.452,74.61,88,98,2.57,overcast clouds
369,Clyde River,CA,2022-11-30 00:32:58,70.4692,-68.5914,-21.77,69,0,6.91,clear sky
370,Tanem,NO,2022-11-30 00:32:59,63.3078,10.4319,37.29,72,100,4.0,overcast clouds
371,Bonavista,CA,2022-11-30 00:32:59,48.6499,-53.1147,26.15,73,99,24.09,overcast clouds
372,Khash,IR,2022-11-30 00:33:00,28.2211,61.2158,49.05,37,3,3.76,clear sky
373,Les Cayes,HT,2022-11-30 00:33:00,18.2,-73.75,75.34,82,6,3.69,clear sky
374,Aden,YE,2022-11-30 00:33:00,12.7794,45.0367,78.57,70,0,13.24,clear sky
375,Joshimath,IN,2022-11-30 00:33:01,30.5667,79.5667,49.21,15,72,8.43,broken clouds
376,Pokhara,NP,2022-11-30 00:33:01,28.2333,83.9833,58.08,33,100,5.08,overcast clouds
377,Kita,ML,2022-11-30 00:33:02,13.0349,-9.4895,76.51,23,97,3.0,overcast clouds
378,Troy,US,2022-11-30 00:32:46,42.6056,-83.1499,51.57,82,96,5.99,overcast clouds
379,Vilanova Del Cami,ES,2022-11-30 00:33:02,41.5717,1.6375,48.81,91,100,5.99,overcast clouds
380,Straumen,NO,2022-11-30 00:33:03,63.8709,11.2999,39.2,77,100,4.05,overcast clouds
381,Laguna,US,2022-11-30 00:32:56,38.421,-121.4238,58.98,34,0,4.61,clear sky
382,Korla,CN,2022-11-30 00:33:04,41.7597,86.1469,12.76,32,96,3.0,overcast clouds
383,Punta De Piedra,VE,2022-11-30 00:33:04,7.6176,-71.4916,71.65,97,100,2.77,overcast clouds
384,Gazanjyk,TM,2022-11-30 00:33:05,39.2446,55.5154,48.78,78,42,5.41,scattered clouds
385,Lethem,GY,2022-11-30 00:33:05,3.3803,-59.7968,76.48,85,77,5.48,broken clouds
386,Rio Bueno,CL,2022-11-30 00:33:06,-40.3167,-72.9667,57.34,76,100,4.88,overcast clouds
387,Bafata,GW,2022-11-30 00:33:06,12.1667,-14.75,74.07,67,100,3.27,overcast clouds
388,Vilcun,CL,2022-11-30 00:33:00,-38.65,-72.2333,56.14,86,100,1.32,overcast clouds
389,Palmas Bellas,PA,2022-11-30 00:33:07,9.2319,-80.0867,75.34,94,100,7.05,light rain
390,Aiken,US,2022-11-30 00:28:51,33.5835,-81.5998,63.1,73,0,8.05,clear sky
391,Jaca,ES,2022-11-30 00:33:08,42.569,-0.5499,39.99,92,100,4.76,overcast clouds
392,Sakakah,SA,2022-11-30 00:33:08,29.9697,40.2064,53.17,78,0,7.9,clear sky
393,Calabar,NG,2022-11-30 00:33:09,4.9517,8.322,75.7,92,45,1.66,light rain
394,Balykshi,KZ,2022-11-30 00:33:09,47.0667,51.8667,12.2,79,0,11.18,clear sky
395,Toamasina,MG,2022-11-30 00:33:10,-18.1667,49.3833,71.6,94,20,2.3,few clouds
396,Sinnamary,GF,2022-11-30 00:33:11,5.3833,-52.95,76.57,89,94,7.38,overcast clouds
397,Port-Gentil,GA,2022-11-30 00:33:11,-0.7193,8.7815,77.79,82,100,4.7,moderate rain
398,Darovskoy,RU,2022-11-30 00:32:17,58.77,47.9564,7.63,98,89,2.93,overcast clouds
399,Huarmey,PE,2022-11-30 00:33:12,-10.0681,-78.1522,68.0,83,77,6.82,broken clouds
400,Baghmara,IN,2022-11-30 00:33:13,23.795,86.2085,61.39,65,5,4.29,clear sky
401,Umarkot,PK,2022-11-30 00:33:14,25.3616,69.7362,63.37,24,0,7.34,clear sky
402,Manaure,CO,2022-11-30 00:33:14,11.7751,-72.4445,78.15,77,98,11.18,overcast clouds
403,Quatre Cocos,MU,2022-11-30 00:33:15,-20.2078,57.7625,72.09,78,67,7.81,broken clouds
404,Malinyi,TZ,2022-11-30 00:33:15,-8.9333,36.1333,72.16,78,9,1.16,clear sky
405,Plougastel-Daoulas,FR,2022-11-30 00:33:16,48.3667,-4.3667,48.22,87,100,8.05,overcast clouds
406,Weligama,LK,2022-11-30 00:33:16,5.9667,80.4167,74.5,90,30,3.65,scattered clouds
407,Domoni,KM,2022-11-30 00:33:17,-12.2569,44.5319,76.14,84,6,4.16,clear sky
408,Makueni,KE,2022-11-30 00:33:17,-1.8041,37.6203,61.75,95,85,1.9,overcast clouds
409,Manga,BF,2022-11-30 00:33:18,11.6636,-1.0731,75.22,24,12,7.27,few clouds
410,Kuusamo,FI,2022-11-30 00:33:18,65.9667,29.1833,26.64,93,100,4.61,overcast clouds
411,Staryy Krym,UA,2022-11-30 00:33:19,45.0333,35.1,35.92,80,68,6.24,broken clouds
412,Loyga,RU,2022-11-30 00:33:19,61.0784,44.6075,7.34,98,77,2.89,broken clouds
413,Hukuntsi,BW,2022-11-30 00:33:19,-24.0,21.75,75.4,40,9,15.97,clear sky
414,Tierralta,CO,2022-11-30 00:34:20,8.1736,-76.0592,75.61,88,100,1.16,light rain
415,Anamur,TR,2022-11-30 00:34:20,36.0751,32.8369,63.3,62,3,9.51,clear sky
416,Zharkent,KZ,2022-11-30 00:34:21,44.1628,80.0,25.34,40,100,2.28,overcast clouds
417,Abu Dhabi,AE,2022-11-30 00:30:21,24.4667,54.3667,75.96,86,0,2.3,clear sky
418,Kangaatsiaq,GL,2022-11-30 00:34:22,68.3065,-53.4641,23.31,90,100,25.43,light snow
419,Qandala,SO,2022-11-30 00:34:22,11.472,49.8728,74.66,69,0,5.55,clear sky
420,Lighthouse Point,US,2022-11-30 00:34:23,26.2756,-80.0873,79.0,73,20,13.8,few clouds
421,Karaton,ID,2022-11-30 00:34:24,-6.3424,106.1045,80.31,69,98,6.06,overcast clouds
422,Boksitogorsk,RU,2022-11-30 00:34:25,59.474,33.8485,20.61,87,100,6.33,overcast clouds
423,Atlantic City,US,2022-11-30 00:34:25,39.3643,-74.4229,43.02,73,100,4.23,overcast clouds
424,Urucurituba,BR,2022-11-30 00:34:26,-2.6833,-57.6667,76.71,82,100,1.61,overcast clouds
425,Acari,PE,2022-11-30 00:34:26,-15.4311,-74.6158,68.4,86,45,3.51,scattered clouds
426,Caravelas,BR,2022-11-30 00:34:27,-17.7125,-39.2481,75.15,86,100,10.25,overcast clouds
427,Vammala,FI,2022-11-30 00:34:27,61.3333,22.9,30.9,98,100,4.0,light snow
428,Gummidipundi,IN,2022-11-30 00:34:27,13.4,80.15,73.4,83,17,8.84,few clouds
429,Petrokamenskoye,RU,2022-11-30 00:34:28,57.716,60.6484,13.5,95,100,3.83,overcast clouds
430,Artyom,AZ,2022-11-30 00:34:28,40.4723,50.333,46.54,66,100,18.66,overcast clouds
431,Itapipoca,BR,2022-11-30 00:34:29,-3.4944,-39.5786,76.39,82,100,1.86,overcast clouds
432,Manyana,BW,2022-11-30 00:34:29,-23.4,21.7167,74.28,40,8,14.76,clear sky
433,Bandarbeyla,SO,2022-11-30 00:34:29,9.4942,50.8122,76.37,72,4,14.12,clear sky
434,Kumluca,TR,2022-11-30 00:34:30,36.3703,30.2869,61.65,75,52,7.36,broken clouds
435,Matara,LK,2022-11-30 00:34:30,5.9485,80.5353,74.25,90,25,4.41,scattered clouds
436,Najran,SA,2022-11-30 00:34:31,17.4924,44.1277,57.85,42,5,1.63,clear sky
437,Monchegorsk,RU,2022-11-30 00:34:31,67.9397,32.8739,21.13,96,53,5.93,broken clouds
438,Awjilah,LY,2022-11-30 00:34:31,29.1081,21.2869,58.84,52,0,9.33,clear sky
439,Altyn-Topkan,TJ,2022-11-30 00:34:32,40.6528,69.5998,34.27,79,100,5.19,overcast clouds
440,Upington,ZA,2022-11-30 00:34:33,-28.4478,21.2561,77.38,57,20,23.02,few clouds
441,Kasongo,CD,2022-11-30 00:34:33,-4.45,26.6667,67.5,96,100,0.29,overcast clouds
442,Quiindy,PY,2022-11-30 00:34:33,-25.9667,-57.2667,73.67,69,0,2.93,clear sky
443,Cervo,ES,2022-11-30 00:34:34,43.6702,-7.4101,52.97,79,100,7.52,overcast clouds
444,Dingle,PH,2022-11-30 00:34:34,10.9995,122.6711,82.62,79,58,15.1,broken clouds
445,Odlabari,IN,2022-11-30 00:34:35,26.8333,88.6167,63.03,58,0,4.52,clear sky
446,Villa Maria,AR,2022-11-30 00:34:35,-32.4075,-63.2402,71.46,76,100,5.73,overcast clouds
447,Puerto Narino,CO,2022-11-30 00:34:35,-3.7703,-70.3831,72.7,97,89,2.28,overcast clouds
448,Opuwo,NA,2022-11-30 00:30:42,-18.0607,13.84,74.16,40,69,1.36,broken clouds
449,Mwinilunga,ZM,2022-11-30 00:34:36,-11.7358,24.4293,58.46,98,100,1.92,overcast clouds
450,Santo Domingo,DO,2022-11-30 00:30:58,18.5001,-69.9886,80.28,87,11,5.99,few clouds
451,Ravar,IR,2022-11-30 00:34:37,31.2656,56.8055,52.32,43,100,2.15,overcast clouds
452,Kinshasa,CD,2022-11-30 00:34:37,-4.3246,15.3215,73.78,94,100,6.91,overcast clouds
453,Avanigadda,IN,2022-11-30 00:34:38,16.0215,80.9181,67.33,82,11,3.94,few clouds
454,Bajah,YE,2022-11-30 00:34:38,13.8141,44.6301,64.04,57,0,3.11,clear sky
455,Chintamani,IN,2022-11-30 00:34:39,13.4,78.0667,61.14,90,5,2.3,clear sky
456,Talcahuano,CL,2022-11-30 00:33:06,-36.7167,-73.1167,60.48,82,0,13.8,clear sky
457,Bani,DO,2022-11-30 00:34:39,18.2833,-70.3333,78.85,77,10,11.16,clear sky
458,Taltal,CL,2022-11-30 00:30:20,-25.4,-70.4833,63.07,82,0,5.23,clear sky
459,Besancon,FR,2022-11-30 00:35:40,47.2488,6.0182,43.2,94,99,3.78,overcast clouds
460,Sao Joao Da Barra,BR,2022-11-30 00:35:40,-21.6403,-41.0511,73.49,90,100,19.19,overcast clouds
461,Atar,MR,2022-11-30 00:35:41,20.5169,-13.0499,66.7,19,0,8.39,clear sky
462,Puerto Cabezas,NI,2022-11-30 00:35:41,14.0351,-83.3888,76.12,87,46,8.46,scattered clouds
463,Dosso,NE,2022-11-30 00:35:42,13.049,3.1937,71.35,24,3,8.16,clear sky
464,Aksu,CN,2022-11-30 00:35:42,41.1231,80.2644,13.37,18,0,2.57,clear sky
465,Blagoyevo,RU,2022-11-30 00:35:42,63.3667,47.9167,23.54,97,100,4.5,light snow
466,Saint-Augustin,CA,2022-11-30 00:35:43,51.226,-58.6502,10.09,79,8,14.29,clear sky
467,Hobyo,SO,2022-11-30 00:35:43,5.3505,48.5268,79.21,72,92,15.95,overcast clouds
468,Rehoboth,NA,2022-11-30 00:35:43,-23.3167,17.0833,71.17,53,40,3.2,scattered clouds
469,Sainte-Savine,FR,2022-11-30 00:35:44,48.2964,4.0464,40.95,100,100,3.44,overcast clouds
470,Yomou,GN,2022-11-30 00:35:44,7.5603,-9.2653,70.27,92,20,2.1,few clouds
471,Riyadh,SA,2022-11-30 00:35:11,24.6877,46.7219,64.54,35,5,7.67,clear sky
472,Nanticoke,US,2022-11-30 00:35:45,41.2054,-76.0049,39.85,86,100,5.55,overcast clouds
473,Biltine,TD,2022-11-30 00:35:45,14.5333,20.9167,71.19,21,22,5.59,few clouds
474,San Joaquin,US,2022-11-30 00:35:46,37.9333,-121.3011,59.34,36,0,0.0,clear sky
475,Hato Mayor,DO,2022-11-30 00:35:46,18.7629,-69.256,71.1,90,12,5.97,few clouds
476,Kargil,IN,2022-11-30 00:35:47,34.5667,76.1,25.27,41,92,1.88,overcast clouds
477,Montepuez,MZ,2022-11-30 00:35:47,-13.1256,38.9997,67.06,89,32,3.51,scattered clouds
478,Naryan-Mar,RU,2022-11-30 00:35:47,67.6713,53.087,8.08,98,69,5.14,broken clouds
479,Calama,CL,2022-11-30 00:34:32,-22.4667,-68.9333,59.49,36,0,24.16,clear sky
480,Mopti,ML,2022-11-30 00:35:48,14.6667,-4.0,69.84,64,0,4.61,clear sky
481,Senneterre,CA,2022-11-30 00:35:49,48.3835,-77.2328,25.47,86,100,10.54,overcast clouds
482,Myski,RU,2022-11-30 00:35:49,53.709,87.8014,-13.7,99,61,2.15,broken clouds
483,Didwana,IN,2022-11-30 00:35:49,27.4,74.5667,57.78,27,28,5.97,scattered clouds
484,Porbandar,IN,2022-11-30 00:35:50,21.6422,69.6093,71.92,39,5,9.89,clear sky
485,Businga,CD,2022-11-30 00:35:50,3.3333,20.8833,71.62,96,100,3.29,overcast clouds
486,Mezen,RU,2022-11-30 00:35:51,65.8522,44.24,29.37,98,99,5.46,overcast clouds
487,Caxito,AO,2022-11-30 00:35:51,-8.5785,13.6643,75.67,89,100,1.72,light rain
488,Lagoa,PT,2022-11-30 00:35:52,39.05,-27.9833,62.24,72,100,9.93,overcast clouds
489,Goma,CD,2022-11-30 00:35:52,-1.6792,29.2228,62.22,89,100,2.75,overcast clouds
490,Montana,BG,2022-11-30 00:34:50,43.4125,23.225,37.2,98,100,0.98,overcast clouds
491,Qasigiannguit,GL,2022-11-30 00:35:53,68.8193,-51.1922,23.25,85,100,3.74,overcast clouds
492,Jever,DE,2022-11-30 00:35:53,53.5833,7.9,41.05,100,100,4.61,overcast clouds
493,Tarut,SA,2022-11-30 00:35:54,26.5733,50.0369,66.4,65,100,2.21,overcast clouds
494,Boueni,YT,2022-11-30 00:35:54,-12.9025,45.0761,75.18,75,5,7.47,clear sky
495,Birao,CF,2022-11-30 00:35:55,10.2849,22.7882,73.09,33,100,0.51,overcast clouds
496,Maarianhamina,AX,2022-11-30 00:35:55,60.0973,19.9348,35.46,93,75,5.75,broken clouds
497,Belis,RO,2022-11-30 00:35:55,46.65,23.0333,29.82,81,100,2.59,overcast clouds
498,Kondinskoye,RU,2022-11-30 00:35:56,59.6481,67.41,-2.92,93,100,5.55,overcast clouds
499,Gat,IL,2022-11-30 00:34:04,31.61,34.7642,61.39,100,0,5.66,clear sky
500,Albany,US,2022-11-30 00:33:57,42.6001,-73.9662,34.63,75,100,3.78,overcast clouds
501,Utica,US,2022-11-30 00:35:57,43.1009,-75.2327,35.35,80,100,7.92,overcast clouds
502,Bogo,PH,2022-11-30 00:35:57,11.0517,124.0055,83.25,76,99,12.66,overcast clouds
503,Valdemarpils,LV,2022-11-30 00:35:58,57.3707,22.5919,29.48,92,100,5.97,overcast clouds
504,Pangody,RU,2022-11-30 00:35:58,65.85,74.4859,-0.44,97,89,5.19,overcast clouds
505,Peniche,PT,2022-11-30 00:35:58,39.3558,-9.3811,52.45,92,34,4.23,scattered clouds
506,Makokou,GA,2022-11-30 00:36:59,0.5738,12.8642,68.65,98,100,1.97,overcast clouds
507,Ambatondrazaka,MG,2022-11-30 00:37:00,-17.8333,48.4167,63.3,88,22,2.15,few clouds
508,Havre-Saint-Pierre,CA,2022-11-30 00:37:00,50.2334,-63.5986,15.8,61,0,13.8,clear sky
509,Chapais,CA,2022-11-30 00:37:01,49.7834,-74.8492,13.78,91,100,9.04,overcast clouds
510,Dalbandin,PK,2022-11-30 00:37:01,28.8947,64.4101,53.6,39,4,5.95,clear sky
511,Stornoway,GB,2022-11-30 00:37:02,58.2093,-6.3865,49.96,80,97,13.8,overcast clouds
512,Rosario,AR,2022-11-30 00:34:10,-32.9468,-60.6393,88.95,44,0,6.91,clear sky
513,Hatillo,PR,2022-11-30 00:37:02,18.4863,-66.8254,80.33,84,24,5.99,few clouds
514,Soltsy,RU,2022-11-30 00:33:21,58.1239,30.3238,23.11,96,100,4.47,overcast clouds
515,San Cristobal,VE,2022-11-30 00:37:03,7.7669,-72.225,68.18,98,100,4.18,overcast clouds
516,Venado Tuerto,AR,2022-11-30 00:37:04,-33.7456,-61.9688,86.77,80,100,5.21,overcast clouds
517,Les Herbiers,FR,2022-11-30 00:37:04,46.8667,-1.0167,37.11,85,29,4.5,scattered clouds
518,Kernersville,US,2022-11-30 00:37:04,36.1199,-80.0736,54.52,76,100,3.44,overcast clouds
519,Blacksburg,US,2022-11-30 00:37:05,37.2296,-80.4139,48.42,76,40,0.0,scattered clouds
520,Gornopravdinsk,RU,2022-11-30 00:37:05,60.05,69.9,-3.87,95,89,4.07,overcast clouds
521,Kissidougou,GN,2022-11-30 00:37:06,9.1848,-10.0999,70.2,82,54,2.35,broken clouds
522,Mbengwi,CM,2022-11-30 00:37:06,6.0167,10.0,63.03,68,83,1.41,broken clouds
523,Atbasar,KZ,2022-11-30 00:37:07,51.8,68.3333,3.87,83,100,9.66,overcast clouds
524,Solvychegodsk,RU,2022-11-30 00:37:07,61.3305,46.9156,13.91,95,94,2.51,overcast clouds
525,Villarrica,PY,2022-11-30 00:37:07,-25.75,-56.4333,72.57,76,10,2.48,clear sky
526,Muros,ES,2022-11-30 00:34:19,42.7762,-9.0603,56.08,83,100,14.29,overcast clouds
527,Karasjok,NO,2022-11-30 00:37:08,69.4719,25.5112,30.52,88,100,14.79,overcast clouds
528,Ola,RU,2022-11-30 00:37:09,59.5833,151.2833,14.67,85,100,30.2,light snow
529,Banes,CU,2022-11-30 00:37:09,20.9625,-75.7186,76.69,81,12,8.55,few clouds
530,Estelle,US,2022-11-30 00:37:09,29.8458,-90.1067,77.0,90,100,15.01,mist
531,Springfield,US,2022-11-30 00:35:19,37.2153,-93.2982,44.11,78,75,13.8,broken clouds
532,Hualmay,PE,2022-11-30 00:37:10,-11.0964,-77.6139,68.13,80,100,9.04,overcast clouds
533,Mitu,CO,2022-11-30 00:37:10,1.1983,-70.1733,72.46,99,100,2.66,overcast clouds
534,Onguday,RU,2022-11-30 00:37:11,50.75,86.15,-17.01,97,89,1.95,overcast clouds
535,Miandoab,IR,2022-11-30 00:37:11,36.9694,46.1027,43.18,76,100,3.89,light rain
536,Sikasso,ML,2022-11-30 00:37:12,10.9167,-7.0,73.09,31,6,2.28,clear sky
537,Carutapera,BR,2022-11-30 00:37:12,-1.195,-46.02,75.78,92,100,4.9,moderate rain
538,Rudsar,IR,2022-11-30 00:37:13,37.1376,50.288,58.98,88,100,8.05,light rain
539,Morondava,MG,2022-11-30 00:37:13,-20.2833,44.2833,76.24,75,14,3.47,few clouds
540,Garowe,SO,2022-11-30 00:37:13,8.4054,48.4845,68.72,73,2,9.98,clear sky
541,Oistins,BB,2022-11-30 00:37:14,13.0667,-59.5333,78.89,78,40,13.8,scattered clouds
542,Antofagasta,CL,2022-11-30 00:34:36,-23.65,-70.4,65.48,78,43,3.09,scattered clouds
543,Krasnoshchekovo,RU,2022-11-30 00:37:14,51.6708,82.7289,-16.98,94,100,2.84,overcast clouds
544,Scarborough,GB,2022-11-30 00:37:15,54.2797,-0.4044,40.57,93,95,4.47,overcast clouds
545,Tessalit,ML,2022-11-30 00:37:15,20.1986,1.0114,68.81,18,100,7.16,overcast clouds
546,Hajnowka,PL,2022-11-30 00:37:16,52.7433,23.5812,32.81,99,100,4.72,overcast clouds
547,Viedma,AR,2022-11-30 00:37:16,-40.8135,-62.9967,64.29,49,95,15.41,overcast clouds
548,Florianopolis,BR,2022-11-30 00:33:39,-27.6146,-48.5012,71.4,98,100,16.11,overcast clouds
549,Pampas,PE,2022-11-30 00:37:17,-12.4,-74.9,52.29,81,100,2.68,overcast clouds
550,Thatta,PK,2022-11-30 00:37:17,24.7475,67.9235,66.15,22,0,8.93,clear sky
551,Dogondoutchi,NE,2022-11-30 00:37:17,13.6393,4.0287,72.25,23,6,8.08,clear sky
552,Ler,SS,2022-11-30 00:38:18,8.3018,30.1418,77.74,54,100,3.85,overcast clouds
553,Rorvik,NO,2022-11-30 00:38:18,64.8621,11.2373,39.31,65,40,6.91,scattered clouds
554,Pitimbu,BR,2022-11-30 00:38:19,-7.4706,-34.8086,79.39,73,100,10.38,overcast clouds
555,Istria,RO,2022-11-30 00:38:19,44.5667,28.7167,40.15,81,100,16.46,overcast clouds
556,Maiduguri,NG,2022-11-30 00:38:20,11.8464,13.1603,65.61,24,92,7.25,overcast clouds
557,Surt,LY,2022-11-30 00:38:21,31.2089,16.5887,61.18,57,0,16.42,clear sky
558,Maicao,CO,2022-11-30 00:38:21,11.3832,-72.2432,74.5,82,100,5.55,overcast clouds
559,Boden,SE,2022-11-30 00:38:21,65.8252,21.6886,32.0,97,99,2.89,overcast clouds
560,Benguela,AO,2022-11-30 00:38:22,-12.5763,13.4055,76.01,83,100,4.07,overcast clouds
561,Atocha,BO,2022-11-30 00:38:22,-20.9333,-66.2333,45.86,67,88,8.75,overcast clouds
562,Honningsvag,NO,2022-11-30 00:38:23,70.9821,25.9704,38.95,87,100,12.66,overcast clouds
563,Novouzensk,RU,2022-11-30 00:34:17,50.4592,48.1431,21.09,52,3,6.82,clear sky
564,Veydelevka,RU,2022-11-30 00:38:24,50.1521,38.4492,25.02,51,38,13.87,scattered clouds
565,Luena,AO,2022-11-30 00:38:24,-11.7833,19.9167,60.91,98,99,2.51,light rain
566,Onega,RU,2022-11-30 00:38:25,63.9061,38.1404,11.7,98,80,3.04,broken clouds
567,Chitipa,MW,2022-11-30 00:38:25,-9.7024,33.2697,63.18,84,95,1.14,overcast clouds
568,Teguise,ES,2022-11-30 00:38:26,29.0605,-13.564,59.22,72,20,5.75,few clouds
569,Santa Cruz,BO,2022-11-30 00:37:02,-17.8,-63.1667,87.26,48,75,17.27,moderate rain
570,Takoradi,GH,2022-11-30 00:38:27,4.8845,-1.7554,78.55,83,100,3.04,overcast clouds
571,Tambacounda,SN,2022-11-30 00:38:27,13.7539,-13.7586,75.25,53,0,4.61,clear sky
572,Waw,SS,2022-11-30 00:38:28,7.7029,27.9953,77.67,46,32,4.03,scattered clouds
573,Punta Cardon,VE,2022-11-30 00:38:28,11.6581,-70.215,79.83,78,100,15.35,overcast clouds
574,Kalengwa,ZM,2022-11-30 00:38:28,-13.4659,25.0027,60.06,96,98,3.65,overcast clouds
575,Skelleftea,SE,2022-11-30 00:38:29,64.7507,20.9528,33.01,100,100,2.3,overcast clouds
576,Bunol,ES,2022-11-30 00:38:29,39.4167,-0.7833,50.05,54,100,6.04,overcast clouds
577,Paamiut,GL,2022-11-30 00:38:30,61.994,-49.6678,27.7,79,100,16.24,overcast clouds
578,Tamworth,GB,2022-11-30 00:38:30,52.634,-1.6959,39.83,97,100,4.43,overcast clouds
579,Pontes E Lacerda,BR,2022-11-30 00:38:31,-15.2261,-59.3353,78.58,49,17,2.64,heavy intensity rain
580,Killybegs,IE,2022-11-30 00:38:31,54.6333,-8.45,45.1,87,100,12.57,overcast clouds
581,Gorom-Gorom,BF,2022-11-30 00:38:31,14.4439,-0.2361,74.03,15,9,8.43,clear sky
582,Uarini,BR,2022-11-30 00:38:32,-2.99,-65.1083,75.61,87,88,2.04,overcast clouds
583,Maradi,NE,2022-11-30 00:38:32,13.5,7.1017,64.74,26,0,10.22,clear sky
584,Louisville,US,2022-11-30 00:36:02,38.2542,-85.7594,63.07,63,100,16.11,overcast clouds
585,Oromocto,CA,2022-11-30 00:38:33,45.8351,-66.4792,28.71,66,20,5.75,few clouds
586,Bardiyah,LY,2022-11-30 00:38:33,31.7561,25.0865,60.51,56,15,9.46,few clouds
587,Sovetskiy,RU,2022-11-30 00:38:34,61.3614,63.5842,9.41,97,99,1.03,overcast clouds
588,Kurchum,KZ,2022-11-30 00:38:34,48.5722,83.6542,-20.27,86,49,2.64,scattered clouds
589,Slavonski Brod,HR,2022-11-30 00:38:35,45.1603,18.0156,37.18,90,100,6.31,overcast clouds
590,Ginir,ET,2022-11-30 00:38:35,7.1333,40.7,54.39,45,5,3.0,clear sky
591,Zonguldak,TR,2022-11-30 00:38:36,41.25,31.8333,43.3,80,17,2.84,few clouds
592,Marsh Harbour,BS,2022-11-30 00:38:36,26.5412,-77.0636,77.13,71,25,17.96,scattered clouds
593,Waddan,LY,2022-11-30 00:38:37,29.1614,16.139,55.8,38,1,6.67,clear sky
594,Vila Do Maio,CV,2022-11-30 00:38:37,15.1333,-23.2167,74.19,69,0,15.32,clear sky
595,Koslan,RU,2022-11-30 00:38:38,63.4564,48.8989,22.86,97,100,5.12,overcast clouds
596,General Roca,AR,2022-11-30 00:39:38,-39.0333,-67.5833,77.63,20,22,3.56,few clouds
597,Pocone,BR,2022-11-30 00:39:39,-16.2567,-56.6228,82.85,35,25,4.23,scattered clouds
598,Abnub,EG,2022-11-30 00:39:39,27.2696,31.1511,57.42,51,0,4.09,clear sky
599,Qaqortoq,GL,2022-11-30 00:39:40,60.7167,-46.0333,26.6,87,100,1.43,overcast clouds
600,Statesville,US,2022-11-30 00:35:47,35.7826,-80.8873,54.68,55,0,3.44,clear sky
601,Viseu,PT,2022-11-30 00:39:40,40.661,-7.9097,35.73,94,7,1.57,clear sky
602,Shepsi,RU,2022-11-30 00:39:41,44.0361,39.1489,51.98,62,100,10.49,overcast clouds
603,Kilembe,UG,2022-11-30 00:39:41,0.2,30.0,60.39,81,99,4.7,overcast clouds
604,San Andres,CO,2022-11-30 00:39:41,12.5847,-81.7006,78.82,89,75,12.66,light intensity drizzle
605,Quelimane,MZ,2022-11-30 00:39:42,-17.8786,36.8883,73.35,94,75,3.44,broken clouds
606,Urucui,BR,2022-11-30 00:39:42,-7.2294,-44.5561,71.37,98,100,2.33,overcast clouds
607,Bam,IR,2022-11-30 00:39:43,29.106,58.357,56.66,35,39,1.41,scattered clouds
608,Desbiens,CA,2022-11-30 00:39:44,48.4178,-71.9495,20.05,88,100,6.98,overcast clouds
609,Hammerfest,NO,2022-11-30 00:39:45,70.6634,23.6821,36.05,80,75,4.61,broken clouds
610,Murygino,RU,2022-11-30 00:39:45,58.7383,49.4582,8.22,98,81,2.75,broken clouds
611,Chakrata,IN,2022-11-30 00:39:46,30.7,77.85,38.79,41,0,6.11,clear sky
612,Moba,CN,2022-11-30 00:39:47,33.2288,105.0179,19.2,53,100,7.23,overcast clouds
613,Santa Rosa,PH,2022-11-30 00:37:47,14.3122,121.1114,88.09,75,64,12.71,broken clouds
614,Puerto Madryn,AR,2022-11-30 00:39:47,-42.7692,-65.0385,56.1,66,18,18.81,few clouds
615,Sokna,NO,2022-11-30 00:39:48,60.24,9.9235,32.14,98,100,1.23,overcast clouds
616,Tifton,US,2022-11-30 00:39:48,31.4505,-83.5085,68.56,60,100,7.85,overcast clouds
617,Novorzhev,RU,2022-11-30 00:39:48,57.0294,29.3338,24.87,97,100,3.31,overcast clouds
618,Bhawanipatna,IN,2022-11-30 00:39:49,19.9,83.1667,59.07,74,0,1.54,clear sky
619,Inongo,CD,2022-11-30 00:39:49,-1.95,18.2667,68.58,96,100,3.2,overcast clouds
620,Jardim Do Serido,BR,2022-11-30 00:39:50,-6.5844,-36.7744,80.06,65,100,13.91,overcast clouds
621,Gamba,GA,2022-11-30 00:39:50,-2.65,10.0,74.86,89,100,2.42,overcast clouds
622,Awbari,LY,2022-11-30 00:39:51,26.5921,12.7805,52.72,56,0,7.14,clear sky
623,Port Blair,IN,2022-11-30 00:37:33,11.6667,92.75,77.04,94,20,2.3,mist
624,Alice Town,BS,2022-11-30 00:39:51,25.7167,-79.3,78.6,73,23,19.89,few clouds
625,Saray,AZ,2022-11-30 00:39:52,40.5322,49.7164,45.88,70,100,21.36,overcast clouds
626,Evansville,US,2022-11-30 00:37:20,37.9748,-87.5558,61.02,86,100,11.5,overcast clouds
627,Yemtsa,RU,2022-11-30 00:39:52,63.0734,40.3329,9.03,97,67,3.44,broken clouds
628,Monrovia,LR,2022-11-30 00:38:22,6.3005,-10.7969,76.77,81,53,4.41,broken clouds
629,Vigrestad,NO,2022-11-30 00:39:53,58.5667,5.7,42.96,80,45,15.99,scattered clouds
630,Araguacu,BR,2022-11-30 00:39:53,-12.9306,-49.8264,71.06,95,98,5.75,overcast clouds
631,Axim,GH,2022-11-30 00:39:54,4.8699,-2.2405,78.15,83,100,2.06,light rain
632,Harindanga,IN,2022-11-30 00:39:54,22.0383,88.3214,69.66,53,0,7.2,clear sky
633,Wundanyi,KE,2022-11-30 00:39:55,-3.4019,38.364,60.91,90,95,2.24,overcast clouds
634,Zapolyarnyy,RU,2022-11-30 00:39:55,69.4154,30.8136,31.28,91,98,13.6,overcast clouds
635,Birzai,LT,2022-11-30 00:39:56,56.2,24.75,26.49,97,83,5.82,broken clouds
636,Firozpur,IN,2022-11-30 00:39:56,30.9167,74.6,55.99,46,0,2.04,clear sky
637,Ufa,RU,2022-11-30 00:38:37,54.775,56.0375,-1.03,100,56,1.9,broken clouds
638,Tahoua,NE,2022-11-30 00:39:57,14.8888,5.2692,69.78,32,0,4.61,clear sky
639,Mbulu,TZ,2022-11-30 00:39:57,-3.85,35.5333,59.2,92,98,9.44,overcast clouds
640,Kristiinankaupunki,FI,2022-11-30 00:39:58,62.2743,21.376,29.46,96,83,6.98,broken clouds
641,Pavlovskiy,RU,2022-11-30 00:39:58,57.8424,54.8436,5.92,99,85,2.06,overcast clouds
642,Itapirapua,BR,2022-11-30 00:39:59,-15.8233,-50.6133,74.97,71,76,3.56,broken clouds
643,Jimma,ET,2022-11-30 00:40:59,7.6667,36.8333,55.71,68,23,1.45,few clouds
644,Tabou,CI,2022-11-30 00:40:59,4.423,-7.3528,77.11,85,75,2.21,broken clouds
645,Fomboni,KM,2022-11-30 00:41:00,-12.28,43.7425,79.2,74,10,10.25,clear sky
646,Normandin,CA,2022-11-30 00:41:00,48.8333,-72.5321,19.71,86,100,2.3,overcast clouds
647,Irituia,BR,2022-11-30 00:41:01,-1.7711,-47.4381,74.25,91,100,1.97,moderate rain
648,Cap Malheureux,MU,2022-11-30 00:41:01,-19.9842,57.6142,72.46,77,100,1.99,overcast clouds
649,Spassk,RU,2022-11-30 00:41:01,52.747,87.7545,-7.35,97,79,3.0,broken clouds
650,Hesla,IN,2022-11-30 00:41:02,24.0667,85.8833,59.49,67,4,3.67,clear sky
651,Chipata,ZM,2022-11-30 00:41:02,-13.6333,32.65,64.76,87,100,8.39,overcast clouds
652,Sur,OM,2022-11-30 00:41:03,22.5667,59.5289,75.06,59,0,6.98,clear sky
653,Barra Do Corda,BR,2022-11-30 00:41:03,-5.5,-45.25,71.74,98,100,6.04,overcast clouds
654,Araouane,ML,2022-11-30 00:41:04,18.9048,-3.5265,66.78,18,5,10.11,clear sky
655,Natal,BR,2022-11-30 00:39:24,-5.795,-35.2094,79.45,73,40,8.05,scattered clouds
656,Pasni,PK,2022-11-30 00:41:04,25.2631,63.471,74.35,40,0,8.52,clear sky
657,Astorga,BR,2022-11-30 00:41:05,-23.2325,-51.6656,66.43,86,81,7.54,broken clouds
658,Esplanada,BR,2022-11-30 00:41:05,-11.7961,-37.945,71.89,95,100,5.03,moderate rain
659,Bull Savanna,JM,2022-11-30 00:41:06,17.8868,-77.5902,74.8,81,2,6.62,clear sky
660,Etampes,FR,2022-11-30 00:41:06,48.4333,2.15,44.33,96,5,2.51,clear sky
661,Vyazma,RU,2022-11-30 00:41:06,55.2104,34.2951,18.0,88,100,8.19,overcast clouds
662,Letterkenny,IE,2022-11-30 00:41:07,54.95,-7.7333,43.54,87,100,9.8,overcast clouds
663,Nosy Varika,MG,2022-11-30 00:41:08,-20.5833,48.5333,73.33,87,99,10.65,overcast clouds
664,Lima,PE,2022-11-30 00:41:08,-12.0432,-77.0282,66.45,77,100,8.05,overcast clouds
665,Burgeo,CA,2022-11-30 00:41:08,47.6167,-57.6152,26.73,73,25,16.55,scattered clouds
666,Pemba,MZ,2022-11-30 00:41:09,-12.974,40.5178,76.68,78,8,3.85,clear sky
667,Conceicao Da Barra,BR,2022-11-30 00:41:10,-18.5933,-39.7322,73.98,92,100,11.79,overcast clouds
668,Qrendi,MT,2022-11-30 00:41:10,35.8347,14.4583,54.1,94,20,4.61,few clouds
669,Sebring,US,2022-11-30 00:40:26,27.4956,-81.4409,70.9,82,0,5.01,clear sky
670,Gubskaya,RU,2022-11-30 00:41:10,44.3164,40.6358,37.08,78,100,3.42,overcast clouds
671,Changji,CN,2022-11-30 00:41:11,44.0167,87.3167,-5.01,71,0,0.0,clear sky
672,Lydenburg,ZA,2022-11-30 00:38:26,-25.0978,30.4597,51.84,95,93,1.45,overcast clouds
673,Kardla,EE,2022-11-30 00:41:12,58.9978,22.7492,32.05,94,100,8.61,overcast clouds
674,Port Hawkesbury,CA,2022-11-30 00:41:12,45.6169,-61.3485,32.79,73,100,14.0,overcast clouds
675,Zasheyek,RU,2022-11-30 00:41:13,67.4066,32.5499,21.94,97,94,3.49,overcast clouds
676,Narimanov,RU,2022-11-30 00:41:13,46.6927,47.8498,19.31,40,0,9.31,clear sky
677,Pascagoula,US,2022-11-30 00:39:49,30.3658,-88.5561,75.92,96,100,8.05,overcast clouds
678,Carballo,ES,2022-11-30 00:41:14,43.213,-8.691,55.0,83,100,6.04,overcast clouds
679,Augustow,PL,2022-11-30 00:41:14,53.8432,22.9798,32.58,99,100,4.68,overcast clouds
